x,t,leader_density,follower_density
0.0,0.0,0.20000000298023224,0.800000011920929
0.0,0.015873015873015872,0.20000000298023224,0.800000011920929
0.0,0.031746031746031744,0.20000000298023224,0.800000011920929
0.0,0.047619047619047616,0.20000000298023224,0.800000011920929
0.0,0.06349206349206349,0.20000000298023224,0.800000011920929
0.0,0.07936507936507936,0.20000000298023224,0.800000011920929
0.0,0.09523809523809523,0.20000000298023224,0.800000011920929
0.0,0.1111111111111111,0.20000000298023224,0.800000011920929
0.0,0.12698412698412698,0.20000000298023224,0.800000011920929
0.0,0.14285714285714285,0.20000000298023224,0.800000011920929
0.0,0.15873015873015872,0.20000000298023224,0.800000011920929
0.0,0.1746031746031746,0.20000000298023224,0.800000011920929
0.0,0.19047619047619047,0.20000000298023224,0.800000011920929
0.0,0.20634920634920634,0.20000000298023224,0.800000011920929
0.0,0.2222222222222222,0.20000000298023224,0.800000011920929
0.0,0.23809523809523808,0.20000000298023224,0.800000011920929
0.0,0.25396825396825395,0.20000000298023224,0.800000011920929
0.0,0.2698412698412698,0.20000000298023224,0.800000011920929
0.0,0.2857142857142857,0.20000000298023224,0.800000011920929
0.0,0.30158730158730157,0.20000000298023224,0.800000011920929
0.0,0.31746031746031744,0.20000000298023224,0.800000011920929
0.0,0.3333333333333333,0.20000000298023224,0.800000011920929
0.0,0.3492063492063492,0.20000000298023224,0.800000011920929
0.0,0.36507936507936506,0.20000000298023224,0.800000011920929
0.0,0.38095238095238093,0.20000000298023224,0.800000011920929
0.0,0.3968253968253968,0.20000000298023224,0.800000011920929
0.0,0.4126984126984127,0.20000000298023224,0.800000011920929
0.0,0.42857142857142855,0.20000000298023224,0.800000011920929
0.0,0.4444444444444444,0.20000000298023224,0.800000011920929
0.0,0.4603174603174603,0.20000000298023224,0.800000011920929
0.0,0.47619047619047616,0.20000000298023224,0.800000011920929
0.0,0.49206349206349204,0.20000000298023224,0.800000011920929
0.0,0.5079365079365079,0.20000000298023224,0.800000011920929
0.0,0.5238095238095237,0.20000000298023224,0.800000011920929
0.0,0.5396825396825397,0.20000000298023224,0.800000011920929
0.0,0.5555555555555556,0.20000000298023224,0.800000011920929
0.0,0.5714285714285714,0.20000000298023224,0.800000011920929
0.0,0.5873015873015872,0.20000000298023224,0.800000011920929
0.0,0.6031746031746031,0.20000000298023224,0.800000011920929
0.0,0.6190476190476191,0.20000000298023224,0.800000011920929
0.0,0.6349206349206349,0.20000000298023224,0.800000011920929
0.0,0.6507936507936507,0.20000000298023224,0.800000011920929
0.0,0.6666666666666666,0.20000000298023224,0.800000011920929
0.0,0.6825396825396826,0.20000000298023224,0.800000011920929
0.0,0.6984126984126984,0.20000000298023224,0.800000011920929
0.0,0.7142857142857142,0.20000000298023224,0.800000011920929
0.0,0.7301587301587301,0.20000000298023224,0.800000011920929
0.0,0.746031746031746,0.20000000298023224,0.800000011920929
0.0,0.7619047619047619,0.20000000298023224,0.800000011920929
0.0,0.7777777777777777,0.20000000298023224,0.800000011920929
0.0,0.7936507936507936,0.20000000298023224,0.800000011920929
0.0,0.8095238095238095,0.20000000298023224,0.800000011920929
0.0,0.8253968253968254,0.20000000298023224,0.800000011920929
0.0,0.8412698412698412,0.20000000298023224,0.800000011920929
0.0,0.8571428571428571,0.20000000298023224,0.800000011920929
0.0,0.873015873015873,0.20000000298023224,0.800000011920929
0.0,0.8888888888888888,0.20000000298023224,0.800000011920929
0.0,0.9047619047619047,0.20000000298023224,0.800000011920929
0.0,0.9206349206349206,0.20000000298023224,0.800000011920929
0.0,0.9365079365079365,0.20000000298023224,0.800000011920929
0.0,0.9523809523809523,0.20000000298023224,0.800000011920929
0.0,0.9682539682539681,0.20000000298023224,0.800000011920929
0.0,0.9841269841269841,0.20000000298023224,0.800000011920929
0.0,1.0,0.20000000298023224,0.800000011920929
0.015873015873015872,0.0,0.18181060254573822,0.7590442299842834
0.015873015873015872,0.015873015873015872,0.18149739503860474,0.7585147023200989
0.015873015873015872,0.031746031746031744,0.18082092702388763,0.759863018989563
0.015873015873015872,0.047619047619047616,0.17868545651435852,0.7601071000099182
0.015873015873015872,0.06349206349206349,0.1793171614408493,0.7591425776481628
0.015873015873015872,0.07936507936507936,0.18179500102996826,0.757759690284729
0.015873015873015872,0.09523809523809523,0.18165376782417297,0.7579653859138489
0.015873015873015872,0.1111111111111111,0.18111950159072876,0.7574273347854614
0.015873015873015872,0.12698412698412698,0.18245649337768555,0.7563249468803406
0.015873015873015872,0.14285714285714285,0.18261849880218506,0.7546445727348328
0.015873015873015872,0.15873015873015872,0.18259568512439728,0.7548202276229858
0.015873015873015872,0.1746031746031746,0.18064719438552856,0.7586754560470581
0.015873015873015872,0.19047619047619047,0.18093036115169525,0.7595847845077515
0.015873015873015872,0.20634920634920634,0.18307200074195862,0.7575229406356812
0.015873015873015872,0.2222222222222222,0.1828514188528061,0.7581169009208679
0.015873015873015872,0.23809523809523808,0.1825830042362213,0.7586327791213989
0.015873015873015872,0.25396825396825395,0.18284732103347778,0.7589274644851685
0.015873015873015872,0.2698412698412698,0.18273915350437164,0.7583773136138916
0.015873015873015872,0.2857142857142857,0.1829841285943985,0.7580786943435669
0.015873015873015872,0.30158730158730157,0.18361110985279083,0.757439374923706
0.015873015873015872,0.31746031746031744,0.18270528316497803,0.7579140663146973
0.015873015873015872,0.3333333333333333,0.1813197135925293,0.7587952613830566
0.015873015873015872,0.3492063492063492,0.18253099918365479,0.7580939531326294
0.015873015873015872,0.36507936507936506,0.1853211373090744,0.756435751914978
0.015873015873015872,0.38095238095238093,0.18727563321590424,0.755506157875061
0.015873015873015872,0.3968253968253968,0.1859808713197708,0.7559901475906372
0.015873015873015872,0.4126984126984127,0.184793621301651,0.7560804486274719
0.015873015873015872,0.42857142857142855,0.1830790936946869,0.7563415169715881
0.015873015873015872,0.4444444444444444,0.18068203330039978,0.7552262544631958
0.015873015873015872,0.4603174603174603,0.17831046879291534,0.75810706615448
0.015873015873015872,0.47619047619047616,0.17788802087306976,0.7590638995170593
0.015873015873015872,0.49206349206349204,0.17709338665008545,0.7596304416656494
0.015873015873015872,0.5079365079365079,0.1790657788515091,0.7576001286506653
0.015873015873015872,0.5238095238095237,0.18010562658309937,0.756999671459198
0.015873015873015872,0.5396825396825397,0.18297484517097473,0.7554864287376404
0.015873015873015872,0.5555555555555556,0.18335244059562683,0.7550098299980164
0.015873015873015872,0.5714285714285714,0.18254880607128143,0.7567309141159058
0.015873015873015872,0.5873015873015872,0.18118879199028015,0.759859025478363
0.015873015873015872,0.6031746031746031,0.18149101734161377,0.7594098448753357
0.015873015873015872,0.6190476190476191,0.18403327465057373,0.7581675052642822
0.015873015873015872,0.6349206349206349,0.1829066425561905,0.7582745552062988
0.015873015873015872,0.6507936507936507,0.18290787935256958,0.7573139071464539
0.015873015873015872,0.6666666666666666,0.18212410807609558,0.7576237916946411
0.015873015873015872,0.6825396825396826,0.1818021982908249,0.7590078115463257
0.015873015873015872,0.6984126984126984,0.1822696030139923,0.7586216926574707
0.015873015873015872,0.7142857142857142,0.18168684840202332,0.7569984197616577
0.015873015873015872,0.7301587301587301,0.18158724904060364,0.7578456401824951
0.015873015873015872,0.746031746031746,0.18099594116210938,0.7580487728118896
0.015873015873015872,0.7619047619047619,0.18050970137119293,0.7578779458999634
0.015873015873015872,0.7777777777777777,0.18126261234283447,0.7573018074035645
0.015873015873015872,0.7936507936507936,0.18019068241119385,0.7567160725593567
0.015873015873015872,0.8095238095238095,0.179156094789505,0.7578442692756653
0.015873015873015872,0.8253968253968254,0.17744973301887512,0.7600581645965576
0.015873015873015872,0.8412698412698412,0.17809009552001953,0.7614715695381165
0.015873015873015872,0.8571428571428571,0.17898383736610413,0.7616502046585083
0.015873015873015872,0.873015873015873,0.18056021630764008,0.7603546977043152
0.015873015873015872,0.8888888888888888,0.18048886954784393,0.7602887153625488
0.015873015873015872,0.9047619047619047,0.18121039867401123,0.7605042457580566
0.015873015873015872,0.9206349206349206,0.18132391571998596,0.7592925429344177
0.015873015873015872,0.9365079365079365,0.18183906376361847,0.7576795816421509
0.015873015873015872,0.9523809523809523,0.18050140142440796,0.7575406432151794
0.015873015873015872,0.9682539682539681,0.18154452741146088,0.756744384765625
0.015873015873015872,0.9841269841269841,0.18106123805046082,0.7576738595962524
0.015873015873015872,1.0,0.18036247789859772,0.7585546374320984
0.031746031746031744,0.0,0.16729336977005005,0.7039602994918823
0.031746031746031744,0.015873015873015872,0.168155699968338,0.7033464312553406
0.031746031746031744,0.031746031746031744,0.16537082195281982,0.7049920558929443
0.031746031746031744,0.047619047619047616,0.1633826345205307,0.7062652707099915
0.031746031746031744,0.06349206349206349,0.16446901857852936,0.7031335234642029
0.031746031746031744,0.07936507936507936,0.16736425459384918,0.7022519707679749
0.031746031746031744,0.09523809523809523,0.1661970615386963,0.701267659664154
0.031746031746031744,0.1111111111111111,0.16641142964363098,0.7019147872924805
0.031746031746031744,0.12698412698412698,0.16855579614639282,0.6990225315093994
0.031746031746031744,0.14285714285714285,0.16940119862556458,0.6956203579902649
0.031746031746031744,0.15873015873015872,0.16946396231651306,0.6958820819854736
0.031746031746031744,0.1746031746031746,0.1676798313856125,0.7011111974716187
0.031746031746031744,0.19047619047619047,0.1680222749710083,0.7035789489746094
0.031746031746031744,0.20634920634920634,0.17154063284397125,0.7007846832275391
0.031746031746031744,0.2222222222222222,0.17205429077148438,0.7009287476539612
0.031746031746031744,0.23809523809523808,0.1711016446352005,0.7022178173065186
0.031746031746031744,0.25396825396825395,0.17026393115520477,0.7027936577796936
0.031746031746031744,0.2698412698412698,0.16957885026931763,0.7026121020317078
0.031746031746031744,0.2857142857142857,0.17013859748840332,0.7024009823799133
0.031746031746031744,0.30158730158730157,0.16991759836673737,0.7023305892944336
0.031746031746031744,0.31746031746031744,0.1675800085067749,0.702248215675354
0.031746031746031744,0.3333333333333333,0.16689381003379822,0.7029173374176025
0.031746031746031744,0.3492063492063492,0.16985878348350525,0.7021026015281677
0.031746031746031744,0.36507936507936506,0.17398488521575928,0.6991866827011108
0.031746031746031744,0.38095238095238093,0.17713934183120728,0.6961464881896973
0.031746031746031744,0.3968253968253968,0.17754724621772766,0.6961055994033813
0.031746031746031744,0.4126984126984127,0.17553244531154633,0.6970465183258057
0.031746031746031744,0.42857142857142855,0.17031949758529663,0.6989002227783203
0.031746031746031744,0.4444444444444444,0.16809207201004028,0.6957732439041138
0.031746031746031744,0.4603174603174603,0.16324782371520996,0.7011894583702087
0.031746031746031744,0.47619047619047616,0.1613345444202423,0.7045935988426208
0.031746031746031744,0.49206349206349204,0.16041061282157898,0.7045593857765198
0.031746031746031744,0.5079365079365079,0.16261492669582367,0.7024087309837341
0.031746031746031744,0.5238095238095237,0.16544537246227264,0.7002439498901367
0.031746031746031744,0.5396825396825397,0.1687345653772354,0.6975318789482117
0.031746031746031744,0.5555555555555556,0.17086336016654968,0.6962645649909973
0.031746031746031744,0.5714285714285714,0.17052826285362244,0.7007697224617004
0.031746031746031744,0.5873015873015872,0.16825169324874878,0.704220712184906
0.031746031746031744,0.6031746031746031,0.16746339201927185,0.705059289932251
0.031746031746031744,0.6190476190476191,0.16959145665168762,0.7035433650016785
0.031746031746031744,0.6349206349206349,0.1705649197101593,0.702217161655426
0.031746031746031744,0.6507936507936507,0.17147059738636017,0.7004742622375488
0.031746031746031744,0.6666666666666666,0.17007677257061005,0.7006842494010925
0.031746031746031744,0.6825396825396826,0.16908735036849976,0.7037719488143921
0.031746031746031744,0.6984126984126984,0.16888365149497986,0.7032209634780884
0.031746031746031744,0.7142857142857142,0.16907618939876556,0.700769305229187
0.031746031746031744,0.7301587301587301,0.16632682085037231,0.7029464840888977
0.031746031746031744,0.746031746031746,0.16611680388450623,0.7034822106361389
0.031746031746031744,0.7619047619047619,0.16583508253097534,0.7006953358650208
0.031746031746031744,0.7777777777777777,0.16394300758838654,0.7016497850418091
0.031746031746031744,0.7936507936507936,0.16336217522621155,0.6990306973457336
0.031746031746031744,0.8095238095238095,0.16167931258678436,0.7015916109085083
0.031746031746031744,0.8253968253968254,0.16014108061790466,0.7065478563308716
0.031746031746031744,0.8412698412698412,0.16067633032798767,0.7092694044113159
0.031746031746031744,0.8571428571428571,0.162896990776062,0.7088282704353333
0.031746031746031744,0.873015873015873,0.16461893916130066,0.7082847356796265
0.031746031746031744,0.8888888888888888,0.16534197330474854,0.7070497870445251
0.031746031746031744,0.9047619047619047,0.16555026173591614,0.7070026993751526
0.031746031746031744,0.9206349206349206,0.16589075326919556,0.7055907249450684
0.031746031746031744,0.9365079365079365,0.1677836775779724,0.7018983960151672
0.031746031746031744,0.9523809523809523,0.16602779924869537,0.7019634246826172
0.031746031746031744,0.9682539682539681,0.16719746589660645,0.6999943852424622
0.031746031746031744,0.9841269841269841,0.1671588122844696,0.7006281614303589
0.031746031746031744,1.0,0.16617202758789062,0.7020025849342346
0.047619047619047616,0.0,0.15822972357273102,0.6297016143798828
0.047619047619047616,0.015873015873015872,0.15827906131744385,0.6290479302406311
0.047619047619047616,0.031746031746031744,0.15604808926582336,0.6313552260398865
0.047619047619047616,0.047619047619047616,0.15505194664001465,0.6327382326126099
0.047619047619047616,0.06349206349206349,0.15636484324932098,0.6298203468322754
0.047619047619047616,0.07936507936507936,0.15650701522827148,0.6289098262786865
0.047619047619047616,0.09523809523809523,0.1568601131439209,0.6280552744865417
0.047619047619047616,0.1111111111111111,0.1565289944410324,0.6304048299789429
0.047619047619047616,0.12698412698412698,0.1582971066236496,0.6266942620277405
0.047619047619047616,0.14285714285714285,0.159577876329422,0.622237503528595
0.047619047619047616,0.15873015873015872,0.16019590198993683,0.6233391761779785
0.047619047619047616,0.1746031746031746,0.1606329381465912,0.6270544528961182
0.047619047619047616,0.19047619047619047,0.16064347326755524,0.631039023399353
0.047619047619047616,0.20634920634920634,0.16279366612434387,0.6282532811164856
0.047619047619047616,0.2222222222222222,0.16142481565475464,0.6291317939758301
0.047619047619047616,0.23809523809523808,0.1593565046787262,0.6314157843589783
0.047619047619047616,0.25396825396825395,0.1572299748659134,0.6339540481567383
0.047619047619047616,0.2698412698412698,0.1556244194507599,0.6341366767883301
0.047619047619047616,0.2857142857142857,0.1561712771654129,0.6328698396682739
0.047619047619047616,0.30158730158730157,0.15735283493995667,0.6314929127693176
0.047619047619047616,0.31746031746031744,0.15831881761550903,0.6312373876571655
0.047619047619047616,0.3333333333333333,0.1580614149570465,0.6317899227142334
0.047619047619047616,0.3492063492063492,0.16086642444133759,0.6311854720115662
0.047619047619047616,0.36507936507936506,0.16607534885406494,0.6261769533157349
0.047619047619047616,0.38095238095238093,0.16973534226417542,0.6219707131385803
0.047619047619047616,0.3968253968253968,0.16849783062934875,0.6249525547027588
0.047619047619047616,0.4126984126984127,0.16637226939201355,0.6260104775428772
0.047619047619047616,0.42857142857142855,0.16165554523468018,0.627638041973114
0.047619047619047616,0.4444444444444444,0.15974590182304382,0.6217172145843506
0.047619047619047616,0.4603174603174603,0.15355856716632843,0.628756046295166
0.047619047619047616,0.47619047619047616,0.15098407864570618,0.631957471370697
0.047619047619047616,0.49206349206349204,0.1498231291770935,0.6327974200248718
0.047619047619047616,0.5079365079365079,0.15171456336975098,0.6311454772949219
0.047619047619047616,0.5238095238095237,0.1544816493988037,0.6283347010612488
0.047619047619047616,0.5396825396825397,0.1588801145553589,0.6241765022277832
0.047619047619047616,0.5555555555555556,0.16208837926387787,0.621971607208252
0.047619047619047616,0.5714285714285714,0.16255250573158264,0.6275416612625122
0.047619047619047616,0.5873015873015872,0.16379593312740326,0.630998432636261
0.047619047619047616,0.6031746031746031,0.16389408707618713,0.6325328350067139
0.047619047619047616,0.6190476190476191,0.16538508236408234,0.6324977278709412
0.047619047619047616,0.6349206349206349,0.16691584885120392,0.6290518045425415
0.047619047619047616,0.6507936507936507,0.16321659088134766,0.6268948316574097
0.047619047619047616,0.6666666666666666,0.1625804603099823,0.6272033452987671
0.047619047619047616,0.6825396825396826,0.1609480082988739,0.6323038339614868
0.047619047619047616,0.6984126984126984,0.1608598828315735,0.6315415501594543
0.047619047619047616,0.7142857142857142,0.16081920266151428,0.6278903484344482
0.047619047619047616,0.7301587301587301,0.1584896296262741,0.6313616037368774
0.047619047619047616,0.746031746031746,0.15605658292770386,0.6322087645530701
0.047619047619047616,0.7619047619047619,0.15272770822048187,0.6307700872421265
0.047619047619047616,0.7777777777777777,0.1494215726852417,0.631458044052124
0.047619047619047616,0.7936507936507936,0.14864423871040344,0.6296096444129944
0.047619047619047616,0.8095238095238095,0.1489965319633484,0.6303095817565918
0.047619047619047616,0.8253968253968254,0.1497115194797516,0.6343982815742493
0.047619047619047616,0.8412698412698412,0.1503964513540268,0.6387451887130737
0.047619047619047616,0.8571428571428571,0.15181390941143036,0.6389991044998169
0.047619047619047616,0.873015873015873,0.1534445583820343,0.638638973236084
0.047619047619047616,0.8888888888888888,0.15498577058315277,0.6371374726295471
0.047619047619047616,0.9047619047619047,0.1554504632949829,0.6360408067703247
0.047619047619047616,0.9206349206349206,0.155914768576622,0.6361100077629089
0.047619047619047616,0.9365079365079365,0.156736359000206,0.6326965093612671
0.047619047619047616,0.9523809523809523,0.15808990597724915,0.6293737888336182
0.047619047619047616,0.9682539682539681,0.15804150700569153,0.6285063028335571
0.047619047619047616,0.9841269841269841,0.15814237296581268,0.628752589225769
0.047619047619047616,1.0,0.15811856091022491,0.6278859972953796
0.06349206349206349,0.0,0.1449643224477768,0.5415337681770325
0.06349206349206349,0.015873015873015872,0.14065879583358765,0.5432443022727966
0.06349206349206349,0.031746031746031744,0.1393127143383026,0.5455209016799927
0.06349206349206349,0.047619047619047616,0.1399889886379242,0.5485448837280273
0.06349206349206349,0.06349206349206349,0.13743065297603607,0.5457262992858887
0.06349206349206349,0.07936507936507936,0.13734853267669678,0.5429086685180664
0.06349206349206349,0.09523809523809523,0.13986358046531677,0.5414297580718994
0.06349206349206349,0.1111111111111111,0.14352811872959137,0.5426957011222839
0.06349206349206349,0.12698412698412698,0.14233075082302094,0.540068507194519
0.06349206349206349,0.14285714285714285,0.1419944167137146,0.5365571975708008
0.06349206349206349,0.15873015873015872,0.141179621219635,0.5379629135131836
0.06349206349206349,0.1746031746031746,0.14195449650287628,0.5420704483985901
0.06349206349206349,0.19047619047619047,0.14379248023033142,0.5465558767318726
0.06349206349206349,0.20634920634920634,0.14181625843048096,0.5421777367591858
0.06349206349206349,0.2222222222222222,0.14142383635044098,0.543651819229126
0.06349206349206349,0.23809523809523808,0.14220644533634186,0.5463004112243652
0.06349206349206349,0.25396825396825395,0.14346322417259216,0.5492962002754211
0.06349206349206349,0.2698412698412698,0.1449694037437439,0.5470327734947205
0.06349206349206349,0.2857142857142857,0.1448040008544922,0.5468928813934326
0.06349206349206349,0.30158730158730157,0.14565473794937134,0.5436318516731262
0.06349206349206349,0.31746031746031744,0.14786812663078308,0.5439256429672241
0.06349206349206349,0.3333333333333333,0.15007710456848145,0.5461927056312561
0.06349206349206349,0.3492063492063492,0.1507638692855835,0.5456042289733887
0.06349206349206349,0.36507936507936506,0.1532028764486313,0.5374899506568909
0.06349206349206349,0.38095238095238093,0.15399441123008728,0.533674418926239
0.06349206349206349,0.3968253968253968,0.1503211408853531,0.5443680882453918
0.06349206349206349,0.4126984126984127,0.14885464310646057,0.5461410284042358
0.06349206349206349,0.42857142857142855,0.14842061698436737,0.5428544282913208
0.06349206349206349,0.4444444444444444,0.14715421199798584,0.5369347333908081
0.06349206349206349,0.4603174603174603,0.14362391829490662,0.5418277978897095
0.06349206349206349,0.47619047619047616,0.13755208253860474,0.5467543601989746
0.06349206349206349,0.49206349206349204,0.13484147191047668,0.5472946763038635
0.06349206349206349,0.5079365079365079,0.13627004623413086,0.545038640499115
0.06349206349206349,0.5238095238095237,0.1370926797389984,0.5408682823181152
0.06349206349206349,0.5396825396825397,0.14144772291183472,0.5362813472747803
0.06349206349206349,0.5555555555555556,0.1481684148311615,0.5318537354469299
0.06349206349206349,0.5714285714285714,0.15326239168643951,0.5364062190055847
0.06349206349206349,0.5873015873015872,0.15445476770401,0.5433732271194458
0.06349206349206349,0.6031746031746031,0.15452146530151367,0.545726478099823
0.06349206349206349,0.6190476190476191,0.15914864838123322,0.543849527835846
0.06349206349206349,0.6349206349206349,0.1587115228176117,0.541452944278717
0.06349206349206349,0.6507936507936507,0.15312296152114868,0.539545476436615
0.06349206349206349,0.6666666666666666,0.15099436044692993,0.5396829843521118
0.06349206349206349,0.6825396825396826,0.14815658330917358,0.5457017421722412
0.06349206349206349,0.6984126984126984,0.14555594325065613,0.545080304145813
0.06349206349206349,0.7142857142857142,0.14492660760879517,0.5417752265930176
0.06349206349206349,0.7301587301587301,0.1400040090084076,0.545934796333313
0.06349206349206349,0.746031746031746,0.13589155673980713,0.5475520491600037
0.06349206349206349,0.7619047619047619,0.13193947076797485,0.547065258026123
0.06349206349206349,0.7777777777777777,0.1299847960472107,0.5455467700958252
0.06349206349206349,0.7936507936507936,0.13103604316711426,0.5443815588951111
0.06349206349206349,0.8095238095238095,0.13301554322242737,0.5461928844451904
0.06349206349206349,0.8253968253968254,0.13572898507118225,0.5491735339164734
0.06349206349206349,0.8412698412698412,0.13809418678283691,0.5527573227882385
0.06349206349206349,0.8571428571428571,0.1388341784477234,0.553124189376831
0.06349206349206349,0.873015873015873,0.13871289789676666,0.5526063442230225
0.06349206349206349,0.8888888888888888,0.13754384219646454,0.5521604418754578
0.06349206349206349,0.9047619047619047,0.1367630660533905,0.5524308085441589
0.06349206349206349,0.9206349206349206,0.13719402253627777,0.5531505346298218
0.06349206349206349,0.9365079365079365,0.1397930085659027,0.550892174243927
0.06349206349206349,0.9523809523809523,0.14351752400398254,0.5461826324462891
0.06349206349206349,0.9682539682539681,0.14642013609409332,0.5429131388664246
0.06349206349206349,0.9841269841269841,0.14699964225292206,0.5415424108505249
0.06349206349206349,1.0,0.14653033018112183,0.538865864276886
0.07936507936507936,0.0,0.12352832406759262,0.434175968170166
0.07936507936507936,0.015873015873015872,0.11618035286664963,0.4360608756542206
0.07936507936507936,0.031746031746031744,0.10986730456352234,0.44186559319496155
0.07936507936507936,0.047619047619047616,0.10706579685211182,0.4464738368988037
0.07936507936507936,0.06349206349206349,0.10660650581121445,0.44297316670417786
0.07936507936507936,0.07936507936507936,0.10946085304021835,0.4371199309825897
0.07936507936507936,0.09523809523809523,0.11331772804260254,0.43428224325180054
0.07936507936507936,0.1111111111111111,0.12036140263080597,0.4359566569328308
0.07936507936507936,0.12698412698412698,0.1186322495341301,0.43435364961624146
0.07936507936507936,0.14285714285714285,0.11572198569774628,0.43320879340171814
0.07936507936507936,0.15873015873015872,0.113088458776474,0.43454495072364807
0.07936507936507936,0.1746031746031746,0.11276451498270035,0.43916040658950806
0.07936507936507936,0.19047619047619047,0.11479807645082474,0.44398677349090576
0.07936507936507936,0.20634920634920634,0.11191379278898239,0.44172394275665283
0.07936507936507936,0.2222222222222222,0.11028413474559784,0.44170621037483215
0.07936507936507936,0.23809523809523808,0.11246517300605774,0.44501012563705444
0.07936507936507936,0.25396825396825395,0.11599276959896088,0.44499391317367554
0.07936507936507936,0.2698412698412698,0.12206161022186279,0.4417269825935364
0.07936507936507936,0.2857142857142857,0.12268571555614471,0.4432542324066162
0.07936507936507936,0.30158730158730157,0.12577208876609802,0.43650588393211365
0.07936507936507936,0.31746031746031744,0.13059541583061218,0.43205663561820984
0.07936507936507936,0.3333333333333333,0.13330140709877014,0.43664464354515076
0.07936507936507936,0.3492063492063492,0.13295072317123413,0.4376200735569
0.07936507936507936,0.36507936507936506,0.13232579827308655,0.4280721843242645
0.07936507936507936,0.38095238095238093,0.13093969225883484,0.4269838333129883
0.07936507936507936,0.3968253968253968,0.12106714397668839,0.4453941285610199
0.07936507936507936,0.4126984126984127,0.12079216539859772,0.44626089930534363
0.07936507936507936,0.42857142857142855,0.12349636107683182,0.4382110834121704
0.07936507936507936,0.4444444444444444,0.12213383615016937,0.4338796138763428
0.07936507936507936,0.4603174603174603,0.11668471992015839,0.4386591911315918
0.07936507936507936,0.47619047619047616,0.11294209212064743,0.44494563341140747
0.07936507936507936,0.49206349206349204,0.11144056171178818,0.4438795745372772
0.07936507936507936,0.5079365079365079,0.10731443762779236,0.4430815577507019
0.07936507936507936,0.5238095238095237,0.10788776725530624,0.43777966499328613
0.07936507936507936,0.5396825396825397,0.11533389240503311,0.4319476783275604
0.07936507936507936,0.5555555555555556,0.12272284179925919,0.4275280833244324
0.07936507936507936,0.5714285714285714,0.12970182299613953,0.43253687024116516
0.07936507936507936,0.5873015873015872,0.1312536895275116,0.43697717785835266
0.07936507936507936,0.6031746031746031,0.13096454739570618,0.4398816227912903
0.07936507936507936,0.6190476190476191,0.13438665866851807,0.44005298614501953
0.07936507936507936,0.6349206349206349,0.1348322480916977,0.4372694492340088
0.07936507936507936,0.6507936507936507,0.13211768865585327,0.43257054686546326
0.07936507936507936,0.6666666666666666,0.1296539008617401,0.43510690331459045
0.07936507936507936,0.6825396825396826,0.12605074048042297,0.43964946269989014
0.07936507936507936,0.6984126984126984,0.12047877907752991,0.4376695156097412
0.07936507936507936,0.7142857142857142,0.11827563494443893,0.4382396638393402
0.07936507936507936,0.7301587301587301,0.11215655505657196,0.44453004002571106
0.07936507936507936,0.746031746031746,0.10202259570360184,0.44469189643859863
0.07936507936507936,0.7619047619047619,0.09821687638759613,0.44662463665008545
0.07936507936507936,0.7777777777777777,0.09887781739234924,0.4455012083053589
0.07936507936507936,0.7936507936507936,0.10640142112970352,0.43700650334358215
0.07936507936507936,0.8095238095238095,0.11159476637840271,0.43856310844421387
0.07936507936507936,0.8253968253968254,0.114509716629982,0.4442352056503296
0.07936507936507936,0.8412698412698412,0.11738868057727814,0.4453784227371216
0.07936507936507936,0.8571428571428571,0.11788421869277954,0.44567468762397766
0.07936507936507936,0.873015873015873,0.11575113236904144,0.44696077704429626
0.07936507936507936,0.8888888888888888,0.11252206563949585,0.44752341508865356
0.07936507936507936,0.9047619047619047,0.11134622991085052,0.4477700889110565
0.07936507936507936,0.9206349206349206,0.11184485256671906,0.4480047821998596
0.07936507936507936,0.9365079365079365,0.11473452299833298,0.4456404149532318
0.07936507936507936,0.9523809523809523,0.12084832787513733,0.4417066276073456
0.07936507936507936,0.9682539682539681,0.12576323747634888,0.4375450611114502
0.07936507936507936,0.9841269841269841,0.12797585129737854,0.4356387257575989
0.07936507936507936,1.0,0.126257061958313,0.4330122768878937
0.09523809523809523,0.0,0.08481065183877945,0.29324594140052795
0.09523809523809523,0.015873015873015872,0.08017848432064056,0.2927798330783844
0.09523809523809523,0.031746031746031744,0.07521757483482361,0.3004706799983978
0.09523809523809523,0.047619047619047616,0.07194151729345322,0.30233055353164673
0.09523809523809523,0.06349206349206349,0.07206791639328003,0.2997925877571106
0.09523809523809523,0.07936507936507936,0.07450453191995621,0.2951637804508209
0.09523809523809523,0.09523809523809523,0.07834888994693756,0.2910018563270569
0.09523809523809523,0.1111111111111111,0.08380568027496338,0.294177770614624
0.09523809523809523,0.12698412698412698,0.08399702608585358,0.29163438081741333
0.09523809523809523,0.14285714285714285,0.08151926845312119,0.2910635471343994
0.09523809523809523,0.15873015873015872,0.07788581401109695,0.29421868920326233
0.09523809523809523,0.1746031746031746,0.0745544508099556,0.2977510392665863
0.09523809523809523,0.19047619047619047,0.07317095249891281,0.3023415207862854
0.09523809523809523,0.20634920634920634,0.07293429225683212,0.3002655804157257
0.09523809523809523,0.2222222222222222,0.073519267141819,0.297157347202301
0.09523809523809523,0.23809523809523808,0.07374357432126999,0.3035876750946045
0.09523809523809523,0.25396825396825395,0.08086151629686356,0.30221471190452576
0.09523809523809523,0.2698412698412698,0.09379799664020538,0.2908558249473572
0.09523809523809523,0.2857142857142857,0.08921584486961365,0.298206627368927
0.09523809523809523,0.30158730158730157,0.09227187931537628,0.29447004199028015
0.09523809523809523,0.31746031746031744,0.09769636392593384,0.28822237253189087
0.09523809523809523,0.3333333333333333,0.09532272070646286,0.2920462191104889
0.09523809523809523,0.3492063492063492,0.0895877331495285,0.29916179180145264
0.09523809523809523,0.36507936507936506,0.08799673616886139,0.2878919839859009
0.09523809523809523,0.38095238095238093,0.08945203572511673,0.2881277799606323
0.09523809523809523,0.3968253968253968,0.08806680887937546,0.3014037609100342
0.09523809523809523,0.4126984126984127,0.08808307349681854,0.3038935363292694
0.09523809523809523,0.42857142857142855,0.08886595815420151,0.29353606700897217
0.09523809523809523,0.4444444444444444,0.08402624726295471,0.2955952286720276
0.09523809523809523,0.4603174603174603,0.07956072688102722,0.2958093285560608
0.09523809523809523,0.47619047619047616,0.08076053112745285,0.29953089356422424
0.09523809523809523,0.49206349206349204,0.07851658761501312,0.299066424369812
0.09523809523809523,0.5079365079365079,0.07497791200876236,0.30018964409828186
0.09523809523809523,0.5238095238095237,0.07322725653648376,0.2971135675907135
0.09523809523809523,0.5396825396825397,0.07805772870779037,0.29069602489471436
0.09523809523809523,0.5555555555555556,0.08299069851636887,0.2905929684638977
0.09523809523809523,0.5714285714285714,0.08368496596813202,0.2951246500015259
0.09523809523809523,0.5873015873015872,0.08493667095899582,0.2961684763431549
0.09523809523809523,0.6031746031746031,0.08351656049489975,0.2990819811820984
0.09523809523809523,0.6190476190476191,0.08564496785402298,0.3016856908798218
0.09523809523809523,0.6349206349206349,0.08965097367763519,0.2967696785926819
0.09523809523809523,0.6507936507936507,0.08582866936922073,0.29483410716056824
0.09523809523809523,0.6666666666666666,0.08391283452510834,0.29699793457984924
0.09523809523809523,0.6825396825396826,0.081788569688797,0.3007684051990509
0.09523809523809523,0.6984126984126984,0.07871536910533905,0.2989419400691986
0.09523809523809523,0.7142857142857142,0.07744269073009491,0.29835689067840576
0.09523809523809523,0.7301587301587301,0.07303515821695328,0.30421292781829834
0.09523809523809523,0.746031746031746,0.0677940845489502,0.3018746078014374
0.09523809523809523,0.7619047619047619,0.06827757507562637,0.30303388833999634
0.09523809523809523,0.7777777777777777,0.07029876112937927,0.3026001453399658
0.09523809523809523,0.7936507936507936,0.06830619275569916,0.2946404218673706
0.09523809523809523,0.8095238095238095,0.07490693777799606,0.2955523729324341
0.09523809523809523,0.8253968253968254,0.07915894687175751,0.299486368894577
0.09523809523809523,0.8412698412698412,0.0815456211566925,0.3004821538925171
0.09523809523809523,0.8571428571428571,0.08122377097606659,0.29925647377967834
0.09523809523809523,0.873015873015873,0.08066391199827194,0.3002486824989319
0.09523809523809523,0.8888888888888888,0.07909554243087769,0.30291983485221863
0.09523809523809523,0.9047619047619047,0.0782848447561264,0.30177363753318787
0.09523809523809523,0.9206349206349206,0.07943032681941986,0.3044223189353943
0.09523809523809523,0.9365079365079365,0.078908272087574,0.30375808477401733
0.09523809523809523,0.9523809523809523,0.08076970279216766,0.30099567770957947
0.09523809523809523,0.9682539682539681,0.08449587970972061,0.2974240779876709
0.09523809523809523,0.9841269841269841,0.08718891441822052,0.29407793283462524
0.09523809523809523,1.0,0.08697271347045898,0.29210349917411804
0.1111111111111111,0.0,-0.016604386270046234,-0.05565226078033447
0.1111111111111111,0.015873015873015872,-0.012286122888326645,-0.05723336338996887
0.1111111111111111,0.031746031746031744,-0.01156672090291977,-0.06098030507564545
0.1111111111111111,0.047619047619047616,-0.009859614074230194,-0.05982762575149536
0.1111111111111111,0.06349206349206349,-0.005489448085427284,-0.05684658885002136
0.1111111111111111,0.07936507936507936,-0.011180277913808823,-0.06358093023300171
0.1111111111111111,0.09523809523809523,-0.02080300822854042,-0.06733237206935883
0.1111111111111111,0.1111111111111111,-0.021656464785337448,-0.06538985669612885
0.1111111111111111,0.12698412698412698,-0.017942793667316437,-0.06509129703044891
0.1111111111111111,0.14285714285714285,-0.014149703085422516,-0.059365347027778625
0.1111111111111111,0.15873015873015872,-0.009710105136036873,-0.06005030870437622
0.1111111111111111,0.1746031746031746,-0.010632911697030067,-0.06290243566036224
0.1111111111111111,0.19047619047619047,-0.013886190950870514,-0.06505139172077179
0.1111111111111111,0.20634920634920634,-0.011261289939284325,-0.06855517625808716
0.1111111111111111,0.2222222222222222,-0.012506958097219467,-0.07100990414619446
0.1111111111111111,0.23809523809523808,-0.018131468445062637,-0.07054358720779419
0.1111111111111111,0.25396825396825395,-0.02086023986339569,-0.0676160454750061
0.1111111111111111,0.2698412698412698,-0.015529252588748932,-0.05956859886646271
0.1111111111111111,0.2857142857142857,-0.01449207216501236,-0.060126662254333496
0.1111111111111111,0.30158730158730157,-0.01864491030573845,-0.05579666793346405
0.1111111111111111,0.31746031746031744,-0.017534717917442322,-0.05337810516357422
0.1111111111111111,0.3333333333333333,-0.01921345666050911,-0.0462334007024765
0.1111111111111111,0.3492063492063492,-0.01581156626343727,-0.04838138818740845
0.1111111111111111,0.36507936507936506,-0.01812676340341568,-0.05034659802913666
0.1111111111111111,0.38095238095238093,-0.016583271324634552,-0.05151203274726868
0.1111111111111111,0.3968253968253968,-0.011115672066807747,-0.05814339220523834
0.1111111111111111,0.4126984126984127,-0.0063186027109622955,-0.05600859224796295
0.1111111111111111,0.42857142857142855,-0.014198534190654755,-0.05345810949802399
0.1111111111111111,0.4444444444444444,-0.018031403422355652,-0.05701515078544617
0.1111111111111111,0.4603174603174603,-0.018926437944173813,-0.054968252778053284
0.1111111111111111,0.47619047619047616,-0.014270670711994171,-0.045652203261852264
0.1111111111111111,0.49206349206349204,-0.015930786728858948,-0.04365354776382446
0.1111111111111111,0.5079365079365079,-0.013733327388763428,-0.0415215864777565
0.1111111111111111,0.5238095238095237,-0.012892134487628937,-0.03893011808395386
0.1111111111111111,0.5396825396825397,-0.011885307729244232,-0.04010806977748871
0.1111111111111111,0.5555555555555556,-0.01322253793478012,-0.04502056539058685
0.1111111111111111,0.5714285714285714,-0.012948911637067795,-0.04587647318840027
0.1111111111111111,0.5873015873015872,-0.0171440951526165,-0.05718466639518738
0.1111111111111111,0.6031746031746031,-0.020130224525928497,-0.06318478286266327
0.1111111111111111,0.6190476190476191,-0.01769901067018509,-0.05676993727684021
0.1111111111111111,0.6349206349206349,-0.014704197645187378,-0.04913069307804108
0.1111111111111111,0.6507936507936507,-0.018297135829925537,-0.04896998405456543
0.1111111111111111,0.6666666666666666,-0.014637332409620285,-0.04889126121997833
0.1111111111111111,0.6825396825396826,-0.010562654584646225,-0.04867437481880188
0.1111111111111111,0.6984126984126984,-0.01086421124637127,-0.04942125082015991
0.1111111111111111,0.7142857142857142,-0.014105387032032013,-0.05011481046676636
0.1111111111111111,0.7301587301587301,-0.012932457029819489,-0.04486650228500366
0.1111111111111111,0.746031746031746,-0.00906301662325859,-0.048618704080581665
0.1111111111111111,0.7619047619047619,-0.007582981139421463,-0.056298986077308655
0.1111111111111111,0.7777777777777777,-0.0029532089829444885,-0.05726519227027893
0.1111111111111111,0.7936507936507936,-0.013799842447042465,-0.052592769265174866
0.1111111111111111,0.8095238095238095,-0.018830113112926483,-0.060482293367385864
0.1111111111111111,0.8253968253968254,-0.020196516066789627,-0.06791543960571289
0.1111111111111111,0.8412698412698412,-0.021717995405197144,-0.0695752501487732
0.1111111111111111,0.8571428571428571,-0.020296704024076462,-0.0647328794002533
0.1111111111111111,0.873015873015873,-0.016886752098798752,-0.05338588356971741
0.1111111111111111,0.8888888888888888,-0.012521937489509583,-0.047103941440582275
0.1111111111111111,0.9047619047619047,-0.009421374648809433,-0.04311635345220566
0.1111111111111111,0.9206349206349206,-0.007818002253770828,-0.04005192965269089
0.1111111111111111,0.9365079365079365,-0.00857614353299141,-0.04141999036073685
0.1111111111111111,0.9523809523809523,-0.014680277556180954,-0.047073811292648315
0.1111111111111111,0.9682539682539681,-0.0184786319732666,-0.054003506898880005
0.1111111111111111,0.9841269841269841,-0.02078499272465706,-0.05588141083717346
0.1111111111111111,1.0,-0.019881822168827057,-0.05571913719177246
0.12698412698412698,0.0,-0.0070261480286717415,-0.010479431599378586
0.12698412698412698,0.015873015873015872,-0.0008154387469403446,-0.015939336270093918
0.12698412698412698,0.031746031746031744,0.004657630808651447,-0.01970888115465641
0.12698412698412698,0.047619047619047616,0.005433451384305954,-0.020083336159586906
0.12698412698412698,0.06349206349206349,-0.00011793844169005752,-0.02012752555310726
0.12698412698412698,0.07936507936507936,-0.008785177953541279,-0.033163707703351974
0.12698412698412698,0.09523809523809523,-0.016139166429638863,-0.04035947099328041
0.12698412698412698,0.1111111111111111,-0.01828943006694317,-0.03603913635015488
0.12698412698412698,0.12698412698412698,-0.015383272431790829,-0.035643961280584335
0.12698412698412698,0.14285714285714285,-0.007755297236144543,-0.02843194454908371
0.12698412698412698,0.15873015873015872,-0.0009593137656338513,-0.024194184690713882
0.12698412698412698,0.1746031746031746,0.002778067020699382,-0.02346419170498848
0.12698412698412698,0.19047619047619047,-0.004530551377683878,-0.03011849895119667
0.12698412698412698,0.20634920634920634,-0.01295278687030077,-0.035268381237983704
0.12698412698412698,0.2222222222222222,-0.012922408059239388,-0.04367542266845703
0.12698412698412698,0.23809523809523808,-0.009443926624953747,-0.053383368998765945
0.12698412698412698,0.25396825396825395,-0.009505088441073895,-0.04008612781763077
0.12698412698412698,0.2698412698412698,-0.0017835169564932585,-0.022485073655843735
0.12698412698412698,0.2857142857142857,0.0020383684895932674,-0.024266494438052177
0.12698412698412698,0.30158730158730157,-0.008111247792840004,-0.006836672313511372
0.12698412698412698,0.31746031746031744,-0.011690104380249977,0.0013556331396102905
0.12698412698412698,0.3333333333333333,-0.00838373601436615,0.00391850620508194
0.12698412698412698,0.3492063492063492,-0.014686133712530136,0.0013532855082303286
0.12698412698412698,0.36507936507936506,-0.01588221825659275,0.002395806834101677
0.12698412698412698,0.38095238095238093,-0.009763622656464577,-0.0030378454830497503
0.12698412698412698,0.3968253968253968,0.005431836936622858,-0.01481057982891798
0.12698412698412698,0.4126984126984127,0.008971950970590115,-0.014640751294791698
0.12698412698412698,0.42857142857142855,-0.003981516230851412,-0.0030091784428805113
0.12698412698412698,0.4444444444444444,-0.010447151958942413,-0.011533457785844803
0.12698412698412698,0.4603174603174603,-0.007678964175283909,-0.003809993853792548
0.12698412698412698,0.47619047619047616,-0.006636536680161953,0.01625800132751465
0.12698412698412698,0.49206349206349204,-0.008507637307047844,0.024083271622657776
0.12698412698412698,0.5079365079365079,-0.005089061800390482,0.026635410264134407
0.12698412698412698,0.5238095238095237,-7.059029303491116e-05,0.025738637894392014
0.12698412698412698,0.5396825396825397,0.0023911541793495417,0.018373144790530205
0.12698412698412698,0.5555555555555556,0.0058765350840985775,0.007174904458224773
0.12698412698412698,0.5714285714285714,0.006803335156291723,-0.0009918732102960348
0.12698412698412698,0.5873015873015872,-0.00786843616515398,-0.016818836331367493
0.12698412698412698,0.6031746031746031,-0.02113325707614422,-0.022054294124245644
0.12698412698412698,0.6190476190476191,-0.017493993043899536,-0.0017277935985475779
0.12698412698412698,0.6349206349206349,-0.01839226484298706,0.006847796030342579
0.12698412698412698,0.6507936507936507,-0.016515100374817848,0.009215356782078743
0.12698412698412698,0.6666666666666666,-0.012446267530322075,0.0070462278090417385
0.12698412698412698,0.6825396825396826,-0.007354624569416046,0.007074550725519657
0.12698412698412698,0.6984126984126984,-0.0028227970469743013,0.00955967977643013
0.12698412698412698,0.7142857142857142,0.0026120198890566826,0.005470155272632837
0.12698412698412698,0.7301587301587301,0.005339034367352724,0.021871834993362427
0.12698412698412698,0.746031746031746,0.007177179679274559,0.0063575562089681625
0.12698412698412698,0.7619047619047619,0.004234822932630777,-0.01070546917617321
0.12698412698412698,0.7777777777777777,-0.003908203914761543,-0.006863950751721859
0.12698412698412698,0.7936507936507936,-0.012204675003886223,-0.012700789608061314
0.12698412698412698,0.8095238095238095,-0.021676210686564445,-0.02535376138985157
0.12698412698412698,0.8253968253968254,-0.026301182806491852,-0.033487554639577866
0.12698412698412698,0.8412698412698412,-0.03015792928636074,-0.03452754020690918
0.12698412698412698,0.8571428571428571,-0.025169318541884422,-0.027768626809120178
0.12698412698412698,0.873015873015873,-0.014720587059855461,-0.012003103271126747
0.12698412698412698,0.8888888888888888,-0.003103440860286355,0.00935834739357233
0.12698412698412698,0.9047619047619047,0.006299594882875681,0.01880217343568802
0.12698412698412698,0.9206349206349206,0.008260458707809448,0.02133820950984955
0.12698412698412698,0.9365079365079365,0.003946893382817507,0.022324657067656517
0.12698412698412698,0.9523809523809523,-0.004572977777570486,0.011826694011688232
0.12698412698412698,0.9682539682539681,-0.007737889885902405,-0.00624427106231451
0.12698412698412698,0.9841269841269841,-0.009741341695189476,-0.012907766737043858
0.12698412698412698,1.0,-0.010720414109528065,-0.0125529570505023
0.14285714285714285,0.0,0.012401574291288853,-0.01827063597738743
0.14285714285714285,0.015873015873015872,0.006416539195924997,-0.018551329150795937
0.14285714285714285,0.031746031746031744,0.001285988138988614,-0.013431036844849586
0.14285714285714285,0.047619047619047616,-0.004474280402064323,-0.013003484345972538
0.14285714285714285,0.06349206349206349,-0.008145463652908802,0.0051307096146047115
0.14285714285714285,0.07936507936507936,-0.006853763945400715,0.0204019732773304
0.14285714285714285,0.09523809523809523,-0.0025600239168852568,0.018964780494570732
0.14285714285714285,0.1111111111111111,-0.001576656592078507,0.01209556870162487
0.14285714285714285,0.12698412698412698,0.0037269501481205225,0.005406549200415611
0.14285714285714285,0.14285714285714285,0.007594040594995022,-0.004688584711402655
0.14285714285714285,0.15873015873015872,0.004114915616810322,-0.005243645515292883
0.14285714285714285,0.1746031746031746,-0.0034043672494590282,-4.1159873944707215e-05
0.14285714285714285,0.19047619047619047,-0.010803707875311375,0.0040792133659124374
0.14285714285714285,0.20634920634920634,-0.010903474874794483,0.01656304858624935
0.14285714285714285,0.2222222222222222,-0.0028827411588281393,0.03271756321191788
0.14285714285714285,0.23809523809523808,0.0007774822297506034,0.03213737532496452
0.14285714285714285,0.25396825396825395,0.004662460647523403,0.03930838033556938
0.14285714285714285,0.2698412698412698,0.005559542682021856,0.02358691208064556
0.14285714285714285,0.2857142857142857,0.011611728928983212,-0.000987224280834198
0.14285714285714285,0.30158730158730157,0.010003818199038506,-0.016184797510504723
0.14285714285714285,0.31746031746031744,0.0047431099228560925,-0.009738345630466938
0.14285714285714285,0.3333333333333333,-0.00025134190218523145,-0.008863280527293682
0.14285714285714285,0.3492063492063492,-0.0037937138695269823,-0.00013048533583059907
0.14285714285714285,0.36507936507936506,-0.004311791621148586,0.012083672918379307
0.14285714285714285,0.38095238095238093,-0.00024055052199400961,-0.009129141457378864
0.14285714285714285,0.3968253968253968,0.0035684953909367323,-0.00823280867189169
0.14285714285714285,0.4126984126984127,0.0068146949633955956,-0.015145146287977695
0.14285714285714285,0.42857142857142855,0.005288959946483374,-0.022435249760746956
0.14285714285714285,0.4444444444444444,0.00048184237675741315,-0.0030550172086805105
0.14285714285714285,0.4603174603174603,-0.005056740716099739,-0.004942602012306452
0.14285714285714285,0.47619047619047616,-0.008359462022781372,-0.008600763976573944
0.14285714285714285,0.49206349206349204,-0.007742325309664011,-0.0008398076752200723
0.14285714285714285,0.5079365079365079,-0.0045421854592859745,0.00671531492844224
0.14285714285714285,0.5238095238095237,-0.0003638126654550433,0.013932307250797749
0.14285714285714285,0.5396825396825397,0.005108030047267675,0.0019534737803041935
0.14285714285714285,0.5555555555555556,0.007989328354597092,-0.019593873992562294
0.14285714285714285,0.5714285714285714,0.0069832103326916695,-0.03103124164044857
0.14285714285714285,0.5873015873015872,0.0006897755665704608,-0.02828923985362053
0.14285714285714285,0.6031746031746031,-0.005985485855489969,-0.020357951521873474
0.14285714285714285,0.6190476190476191,-0.009497283026576042,-0.025227287784218788
0.14285714285714285,0.6349206349206349,-0.012047981843352318,-0.00023732392583042383
0.14285714285714285,0.6507936507936507,-0.010909971781075,0.010278252884745598
0.14285714285714285,0.6666666666666666,-0.005161532666534185,-0.00877463910728693
0.14285714285714285,0.6825396825396826,-0.005797491874545813,0.009026850573718548
0.14285714285714285,0.6984126984126984,-0.00636807968840003,0.015564133413136005
0.14285714285714285,0.7142857142857142,-0.006784761790186167,0.011134069412946701
0.14285714285714285,0.7301587301587301,-0.006046847905963659,0.014789188280701637
0.14285714285714285,0.746031746031746,-0.006661033723503351,0.006898901425302029
0.14285714285714285,0.7619047619047619,-0.0047052460722625256,-0.0013069945853203535
0.14285714285714285,0.7777777777777777,-0.008343996480107307,-0.0013931187568232417
0.14285714285714285,0.7936507936507936,-0.006616940721869469,0.014427602291107178
0.14285714285714285,0.8095238095238095,-0.0036723914090543985,0.020375320687890053
0.14285714285714285,0.8253968253968254,-0.0023344792425632477,0.021924111992120743
0.14285714285714285,0.8412698412698412,-0.0016600830713286996,0.017966266721487045
0.14285714285714285,0.8571428571428571,-0.0012276375200599432,0.009875012561678886
0.14285714285714285,0.873015873015873,-0.0006819546106271446,-0.0013637621887028217
0.14285714285714285,0.8888888888888888,-0.0022198925726115704,-0.0022255186922848225
0.14285714285714285,0.9047619047619047,-0.0024386043660342693,-0.01082094106823206
0.14285714285714285,0.9206349206349206,0.001027240650728345,-0.016611376777291298
0.14285714285714285,0.9365079365079365,0.004910881165415049,-0.013607860542833805
0.14285714285714285,0.9523809523809523,0.009114945307374,-0.008136117830872536
0.14285714285714285,0.9682539682539681,0.011352922767400742,0.0003237472556065768
0.14285714285714285,0.9841269841269841,0.014864737167954445,0.00042720348574221134
0.14285714285714285,1.0,0.01709647849202156,-0.0022196366917341948
0.15873015873015872,0.0,0.0006536683067679405,-0.017498360946774483
0.15873015873015872,0.015873015873015872,-0.00529665919020772,-0.012251376174390316
0.15873015873015872,0.031746031746031744,-0.009066559374332428,-0.00783742219209671
0.15873015873015872,0.047619047619047616,-0.005114865023642778,-0.001626284560188651
0.15873015873015872,0.06349206349206349,0.0011133005609735847,-0.0011532400967553258
0.15873015873015872,0.07936507936507936,0.010244311764836311,-0.005639216396957636
0.15873015873015872,0.09523809523809523,0.011943996883928776,0.0034758993424475193
0.15873015873015872,0.1111111111111111,0.010695751756429672,0.0052589429542422295
0.15873015873015872,0.12698412698412698,0.0047907293774187565,-0.010051717050373554
0.15873015873015872,0.14285714285714285,-0.0008671499090269208,-0.013649329543113708
0.15873015873015872,0.15873015873015872,-0.0032295200508087873,-0.01567646861076355
0.15873015873015872,0.1746031746031746,-0.004350090399384499,-0.010415572673082352
0.15873015873015872,0.19047619047619047,-9.202337969327345e-05,0.007717449218034744
0.15873015873015872,0.20634920634920634,0.006651701871305704,0.027591973543167114
0.15873015873015872,0.2222222222222222,0.0036624944768846035,0.03582277521491051
0.15873015873015872,0.23809523809523808,0.0037242525722831488,0.04640977829694748
0.15873015873015872,0.25396825396825395,0.008376507088541985,0.04089732840657234
0.15873015873015872,0.2698412698412698,0.011693420819938183,0.021301554515957832
0.15873015873015872,0.2857142857142857,0.01071491464972496,-0.003908757120370865
0.15873015873015872,0.30158730158730157,0.007880265824496746,-0.015898719429969788
0.15873015873015872,0.31746031746031744,0.005254068877547979,-0.011786323972046375
0.15873015873015872,0.3333333333333333,0.003979288972914219,-0.00036823784466832876
0.15873015873015872,0.3492063492063492,0.0020201599691063166,0.006597501691430807
0.15873015873015872,0.36507936507936506,0.0011051143519580364,0.008710772730410099
0.15873015873015872,0.38095238095238093,0.002053810516372323,0.0038794218562543392
0.15873015873015872,0.3968253968253968,0.0038693840615451336,-0.00315814814530313
0.15873015873015872,0.4126984126984127,0.00543187977746129,-0.015174554660916328
0.15873015873015872,0.42857142857142855,0.0050140442326664925,-0.028431065380573273
0.15873015873015872,0.4444444444444444,0.005057559348642826,-0.019040275365114212
0.15873015873015872,0.4603174603174603,0.01054994948208332,-0.022777514532208443
0.15873015873015872,0.47619047619047616,0.012616526335477829,-0.0286843404173851
0.15873015873015872,0.49206349206349204,0.009225424379110336,-0.02939045988023281
0.15873015873015872,0.5079365079365079,0.00879443995654583,-0.019186299294233322
0.15873015873015872,0.5238095238095237,0.007489735260605812,-0.007003741338849068
0.15873015873015872,0.5396825396825397,0.001800030586309731,-0.0028195041231811047
0.15873015873015872,0.5555555555555556,-0.0027723100502043962,-0.019797533750534058
0.15873015873015872,0.5714285714285714,-0.0016460182378068566,-0.03956320881843567
0.15873015873015872,0.5873015873015872,0.0013299970887601376,-0.04083316773176193
0.15873015873015872,0.6031746031746031,0.007577759679406881,-0.032293543219566345
0.15873015873015872,0.6190476190476191,0.014357027597725391,-0.037686944007873535
0.15873015873015872,0.6349206349206349,-0.005538014229387045,-0.011364242993295193
0.15873015873015872,0.6507936507936507,-0.0017729219980537891,-0.0014710106188431382
0.15873015873015872,0.6666666666666666,0.0054094609804451466,-0.024718821048736572
0.15873015873015872,0.6825396825396826,0.0051111988723278046,0.006301805377006531
0.15873015873015872,0.6984126984126984,-0.005194045137614012,0.030397649854421616
0.15873015873015872,0.7142857142857142,-0.019761348143219948,0.040572408586740494
0.15873015873015872,0.7301587301587301,-0.02546435035765171,0.042951203882694244
0.15873015873015872,0.746031746031746,-0.02669263817369938,0.03822614997625351
0.15873015873015872,0.7619047619047619,-0.02448076754808426,0.024822792038321495
0.15873015873015872,0.7777777777777777,-0.013310193084180355,0.007559229154139757
0.15873015873015872,0.7936507936507936,0.0009251177543774247,-0.013468190096318722
0.15873015873015872,0.8095238095238095,0.005529794842004776,-0.004248717334121466
0.15873015873015872,0.8253968253968254,0.010412446223199368,0.0009558676392771304
0.15873015873015872,0.8412698412698412,0.01613723672926426,-0.015552922151982784
0.15873015873015872,0.8571428571428571,0.0069747851230204105,0.004819777328521013
0.15873015873015872,0.873015873015873,-0.0059169684536755085,0.026814529672265053
0.15873015873015872,0.8888888888888888,-0.014304921962320805,0.041763484477996826
0.15873015873015872,0.9047619047619047,-0.016805700957775116,0.03845587372779846
0.15873015873015872,0.9206349206349206,-0.014471285045146942,0.027411140501499176
0.15873015873015872,0.9365079365079365,-0.006302623078227043,0.002510813996195793
0.15873015873015872,0.9523809523809523,0.004244547337293625,-0.015923555940389633
0.15873015873015872,0.9682539682539681,0.0020488251466304064,-0.008245471864938736
0.15873015873015872,0.9841269841269841,0.001230559078976512,-0.00750461732968688
0.15873015873015872,1.0,0.0018185725202783942,-0.004129032604396343
0.1746031746031746,0.0,0.0008075379300862551,-0.009850986301898956
0.1746031746031746,0.015873015873015872,-0.0053118071518838406,-0.0011027120053768158
0.1746031746031746,0.031746031746031744,-0.009327071718871593,0.011376339010894299
0.1746031746031746,0.047619047619047616,-0.00849246233701706,0.02120659314095974
0.1746031746031746,0.06349206349206349,-0.0016739480197429657,0.022410620003938675
0.1746031746031746,0.07936507936507936,0.008497703820466995,0.012151804752647877
0.1746031746031746,0.09523809523809523,0.018303843215107918,-0.012243395671248436
0.1746031746031746,0.1111111111111111,0.01904640905559063,-0.023254388943314552
0.1746031746031746,0.12698412698412698,0.014048250392079353,-0.02943774312734604
0.1746031746031746,0.14285714285714285,0.0068929181434214115,-0.02308972366154194
0.1746031746031746,0.15873015873015872,0.0030642221681773663,-0.008986502885818481
0.1746031746031746,0.1746031746031746,0.0003316318616271019,0.007356919813901186
0.1746031746031746,0.19047619047619047,-0.0030254272278398275,0.026961669325828552
0.1746031746031746,0.20634920634920634,0.0011851578019559383,0.04044852405786514
0.1746031746031746,0.2222222222222222,0.006846190895885229,0.04398174211382866
0.1746031746031746,0.23809523809523808,0.011775963939726353,0.04326995834708214
0.1746031746031746,0.25396825396825395,0.016165513545274734,0.03686678782105446
0.1746031746031746,0.2698412698412698,0.01684052124619484,0.021840056404471397
0.1746031746031746,0.2857142857142857,0.010698371566832066,0.011310642585158348
0.1746031746031746,0.30158730158730157,0.005674226675182581,-0.002577047562226653
0.1746031746031746,0.31746031746031744,0.007448151707649231,-0.009443135000765324
0.1746031746031746,0.3333333333333333,0.006099348422139883,0.001501496764831245
0.1746031746031746,0.3492063492063492,-0.0031048920936882496,0.008545472286641598
0.1746031746031746,0.36507936507936506,-0.002038815524429083,0.019685225561261177
0.1746031746031746,0.38095238095238093,0.0016429980751127005,0.02218719944357872
0.1746031746031746,0.3968253968253968,0.005333512090146542,0.01385532971471548
0.1746031746031746,0.4126984126984127,0.0063958680257201195,0.005574035458266735
0.1746031746031746,0.42857142857142855,0.0040025534108281136,-0.0012244866229593754
0.1746031746031746,0.4444444444444444,0.005079534836113453,-0.005685528740286827
0.1746031746031746,0.4603174603174603,0.006647466216236353,-0.02209559828042984
0.1746031746031746,0.47619047619047616,0.011342979036271572,-0.034670837223529816
0.1746031746031746,0.49206349206349204,0.01526645291596651,-0.02715498022735119
0.1746031746031746,0.5079365079365079,0.004347698763012886,-0.01686026155948639
0.1746031746031746,0.5238095238095237,0.004683598410338163,-0.005746499169617891
0.1746031746031746,0.5396825396825397,-0.0014754902804270387,0.005107908509671688
0.1746031746031746,0.5555555555555556,-0.004640665836632252,-0.010141543112695217
0.1746031746031746,0.5714285714285714,-0.0021788584999740124,-0.026547225192189217
0.1746031746031746,0.5873015873015872,-0.001550323679111898,-0.03200220689177513
0.1746031746031746,0.6031746031746031,0.004473807755857706,-0.03419462963938713
0.1746031746031746,0.6190476190476191,0.011288408190011978,-0.03825690969824791
0.1746031746031746,0.6349206349206349,-0.0024983373004943132,-0.020125288516283035
0.1746031746031746,0.6507936507936507,-0.005622146651148796,-0.010358347557485104
0.1746031746031746,0.6666666666666666,0.006410577334463596,-0.02977842651307583
0.1746031746031746,0.6825396825396826,0.0058464729227125645,-4.384182102512568e-05
0.1746031746031746,0.6984126984126984,-0.0040045324712991714,0.03526030480861664
0.1746031746031746,0.7142857142857142,-0.018722351640462875,0.04853484034538269
0.1746031746031746,0.7301587301587301,-0.026446467265486717,0.04451626166701317
0.1746031746031746,0.746031746031746,-0.02965090237557888,0.04476919397711754
0.1746031746031746,0.7619047619047619,-0.026372792199254036,0.03949360549449921
0.1746031746031746,0.7777777777777777,-0.016442779451608658,0.027006646618247032
0.1746031746031746,0.7936507936507936,-0.0012444815365597606,-0.007286645472049713
0.1746031746031746,0.8095238095238095,0.007263907231390476,-0.006125785410404205
0.1746031746031746,0.8253968253968254,0.012085906229913235,-0.0058044507168233395
0.1746031746031746,0.8412698412698412,0.014254911802709103,-0.00219430448487401
0.1746031746031746,0.8571428571428571,0.005575474351644516,0.02208789996802807
0.1746031746031746,0.873015873015873,-0.00576196750625968,0.04081122949719429
0.1746031746031746,0.8888888888888888,-0.014225081540644169,0.04899357631802559
0.1746031746031746,0.9047619047619047,-0.01789231412112713,0.04557615518569946
0.1746031746031746,0.9206349206349206,-0.014620575122535229,0.03315934166312218
0.1746031746031746,0.9365079365079365,-0.006222137715667486,0.01444941759109497
0.1746031746031746,0.9523809523809523,0.005494601558893919,-0.011691153049468994
0.1746031746031746,0.9682539682539681,0.007966654375195503,-0.010563792660832405
0.1746031746031746,0.9841269841269841,0.0068458751775324345,-0.0010943542001768947
0.1746031746031746,1.0,0.0048080263659358025,0.005654462613165379
0.19047619047619047,0.0,0.019415365532040596,-0.013768521137535572
0.19047619047619047,0.015873015873015872,0.016698502004146576,-0.01783270575106144
0.19047619047619047,0.031746031746031744,0.009235259145498276,-0.00028487134841270745
0.19047619047619047,0.047619047619047616,0.005081320181488991,0.0159930232912302
0.19047619047619047,0.06349206349206349,0.0072222077287733555,0.02199692465364933
0.19047619047619047,0.07936507936507936,0.014559227973222733,0.018095826730132103
0.19047619047619047,0.09523809523809523,0.022490262985229492,-0.0014168921625241637
0.19047619047619047,0.1111111111111111,0.02855244092643261,-0.023520328104496002
0.19047619047619047,0.12698412698412698,0.03005829267203808,-0.03314795345067978
0.19047619047619047,0.14285714285714285,0.02767772227525711,-0.03387145698070526
0.19047619047619047,0.15873015873015872,0.019372425973415375,-0.01806463673710823
0.19047619047619047,0.1746031746031746,0.009017916396260262,0.0059795379638671875
0.19047619047619047,0.19047619047619047,0.0037329893093556166,0.028580257669091225
0.19047619047619047,0.20634920634920634,0.008815432898700237,0.03620363771915436
0.19047619047619047,0.2222222222222222,0.007927066646516323,0.045423682779073715
0.19047619047619047,0.23809523809523808,0.006885100621730089,0.04696859419345856
0.19047619047619047,0.25396825396825395,0.012786180712282658,0.041738126426935196
0.19047619047619047,0.2698412698412698,0.016983820125460625,0.03317652642726898
0.19047619047619047,0.2857142857142857,0.01829693838953972,0.01868278719484806
0.19047619047619047,0.30158730158730157,0.018023578450083733,0.005025538615882397
0.19047619047619047,0.31746031746031744,0.01682501845061779,0.001551302382722497
0.19047619047619047,0.3333333333333333,0.011865147389471531,0.009982737712562084
0.19047619047619047,0.3492063492063492,0.00408477708697319,0.018293162807822227
0.19047619047619047,0.36507936507936506,0.010232354514300823,0.022960754111409187
0.19047619047619047,0.38095238095238093,0.01796996034681797,0.021152229979634285
0.19047619047619047,0.3968253968253968,0.017292248085141182,0.025920482352375984
0.19047619047619047,0.4126984126984127,0.018318120390176773,0.02278304658830166
0.19047619047619047,0.42857142857142855,0.018703646957874298,0.01222315151244402
0.19047619047619047,0.4444444444444444,0.01695196144282818,0.007921211421489716
0.19047619047619047,0.4603174603174603,0.013511518947780132,-0.008717307820916176
0.19047619047619047,0.47619047619047616,0.011556384153664112,-0.022889329120516777
0.19047619047619047,0.49206349206349204,0.018049588426947594,-0.022174205631017685
0.19047619047619047,0.5079365079365079,0.005912499502301216,-0.016267824918031693
0.19047619047619047,0.5238095238095237,0.007777334190905094,-0.006299213040620089
0.19047619047619047,0.5396825396825397,0.004441027995198965,0.008215506561100483
0.19047619047619047,0.5555555555555556,0.004855982027947903,-0.0036847335286438465
0.19047619047619047,0.5714285714285714,0.005889060441404581,-0.018281199038028717
0.19047619047619047,0.5873015873015872,0.005627852398902178,-0.024162104353308678
0.19047619047619047,0.6031746031746031,0.007227954920381308,-0.022955387830734253
0.19047619047619047,0.6190476190476191,0.009864762425422668,-0.032319482415914536
0.19047619047619047,0.6349206349206349,0.019543340429663658,-0.032625388354063034
0.19047619047619047,0.6507936507936507,0.01316157542169094,-0.018495146185159683
0.19047619047619047,0.6666666666666666,0.00844702310860157,-0.024583138525485992
0.19047619047619047,0.6825396825396826,0.008144666440784931,0.00507079204544425
0.19047619047619047,0.6984126984126984,0.004240771755576134,0.014155454933643341
0.19047619047619047,0.7142857142857142,-0.005163845140486956,0.028598466888070107
0.19047619047619047,0.7301587301587301,-0.008022317662835121,0.034936051815748215
0.19047619047619047,0.746031746031746,-0.009669315069913864,0.038407448679208755
0.19047619047619047,0.7619047619047619,-0.005235323216766119,0.030146529898047447
0.19047619047619047,0.7777777777777777,0.0015909840585663915,0.025776412338018417
0.19047619047619047,0.7936507936507936,0.01205503474920988,0.0086161307990551
0.19047619047619047,0.8095238095238095,0.017722237855196,0.005278780125081539
0.19047619047619047,0.8253968253968254,0.019206499680876732,0.007960663177073002
0.19047619047619047,0.8412698412698412,0.021281065419316292,0.010660561732947826
0.19047619047619047,0.8571428571428571,0.01748795248568058,0.019080795347690582
0.19047619047619047,0.873015873015873,0.010560499504208565,0.02597157470881939
0.19047619047619047,0.8888888888888888,0.004657936282455921,0.028512630611658096
0.19047619047619047,0.9047619047619047,0.003235431620851159,0.02201363816857338
0.19047619047619047,0.9206349206349206,0.006900877226144075,0.013481535948812962
0.19047619047619047,0.9365079365079365,0.01408640667796135,0.006444970611482859
0.19047619047619047,0.9523809523809523,0.019770877435803413,-0.010478719137609005
0.19047619047619047,0.9682539682539681,0.02027273178100586,-0.012024904601275921
0.19047619047619047,0.9841269841269841,0.019409364089369774,-0.003357251174747944
0.19047619047619047,1.0,0.01990329474210739,-0.000544083712156862
0.20634920634920634,0.0,0.026196423918008804,-0.029365697875618935
0.20634920634920634,0.015873015873015872,0.02443370781838894,-0.030919944867491722
0.20634920634920634,0.031746031746031744,0.015658998861908913,-0.010737450793385506
0.20634920634920634,0.047619047619047616,0.00973387062549591,0.004480348434299231
0.20634920634920634,0.06349206349206349,0.007840893231332302,0.019058339297771454
0.20634920634920634,0.07936507936507936,0.01114885974675417,0.0236735288053751
0.20634920634920634,0.09523809523809523,0.01414142269641161,0.015327338129281998
0.20634920634920634,0.1111111111111111,0.017078274860978127,0.002200356451794505
0.20634920634920634,0.12698412698412698,0.018712013959884644,-0.005375731736421585
0.20634920634920634,0.14285714285714285,0.021592261269688606,-0.01865805685520172
0.20634920634920634,0.15873015873015872,0.02149035409092903,-0.021111270412802696
0.20634920634920634,0.1746031746031746,0.0185990072786808,-0.010494622401893139
0.20634920634920634,0.19047619047619047,0.01082324143499136,0.010104448534548283
0.20634920634920634,0.20634920634920634,0.0057248263619840145,0.031210871413350105
0.20634920634920634,0.2222222222222222,0.0005870917229913175,0.04783144220709801
0.20634920634920634,0.23809523809523808,0.0012200650526210666,0.04548320546746254
0.20634920634920634,0.25396825396825395,0.007174381986260414,0.036161210387945175
0.20634920634920634,0.2698412698412698,0.01083353627473116,0.031899239867925644
0.20634920634920634,0.2857142857142857,0.015680423006415367,0.013054515235126019
0.20634920634920634,0.30158730158730157,0.018331466242671013,0.004008074291050434
0.20634920634920634,0.31746031746031744,0.01887551322579384,0.0010426106164231896
0.20634920634920634,0.3333333333333333,0.016687490046024323,0.006749533582478762
0.20634920634920634,0.3492063492063492,0.010769400745630264,0.017781874164938927
0.20634920634920634,0.36507936507936506,0.016155632212758064,0.015765875577926636
0.20634920634920634,0.38095238095238093,0.017913149669766426,0.022714389488101006
0.20634920634920634,0.3968253968253968,0.018828872591257095,0.025965217500925064
0.20634920634920634,0.4126984126984127,0.01926826871931553,0.033117521554231644
0.20634920634920634,0.42857142857142855,0.01914023607969284,0.029672896489501
0.20634920634920634,0.4444444444444444,0.01801658421754837,0.019298497587442398
0.20634920634920634,0.4603174603174603,0.016569048166275024,0.006676518823951483
0.20634920634920634,0.47619047619047616,0.013759569264948368,-0.0023261182941496372
0.20634920634920634,0.49206349206349204,0.012010475620627403,-0.0035580224357545376
0.20634920634920634,0.5079365079365079,0.013919256627559662,-0.001304773846641183
0.20634920634920634,0.5238095238095237,0.01659690961241722,-0.006091960705816746
0.20634920634920634,0.5396825396825397,0.015314695425331593,-0.007579755503684282
0.20634920634920634,0.5555555555555556,0.012019219808280468,2.8128184567322023e-05
0.20634920634920634,0.5714285714285714,0.010902069509029388,-0.014202197082340717
0.20634920634920634,0.5873015873015872,0.009007036685943604,-0.017172064632177353
0.20634920634920634,0.6031746031746031,0.009009485132992268,-0.010749460197985172
0.20634920634920634,0.6190476190476191,0.011813203804194927,-0.007847302593290806
0.20634920634920634,0.6349206349206349,0.015355289913713932,-0.02684670314192772
0.20634920634920634,0.6507936507936507,0.01401118841022253,-0.027829736471176147
0.20634920634920634,0.6666666666666666,0.014245029538869858,-0.006031764671206474
0.20634920634920634,0.6825396825396826,0.014937366358935833,0.0029180794954299927
0.20634920634920634,0.6984126984126984,0.013461673632264137,0.0063882917165756226
0.20634920634920634,0.7142857142857142,0.011038841679692268,0.016057830303907394
0.20634920634920634,0.7301587301587301,0.00888540968298912,0.02902212180197239
0.20634920634920634,0.746031746031746,0.005256177857518196,0.03298410028219223
0.20634920634920634,0.7619047619047619,0.0026700757443904877,0.028170427307486534
0.20634920634920634,0.7777777777777777,0.003923371899873018,0.025370918214321136
0.20634920634920634,0.7936507936507936,0.00924587156623602,0.023758403956890106
0.20634920634920634,0.8095238095238095,0.011663787066936493,0.003813152899965644
0.20634920634920634,0.8253968253968254,0.015038668178021908,0.0036802811082452536
0.20634920634920634,0.8412698412698412,0.0213472880423069,-0.00010974182077916339
0.20634920634920634,0.8571428571428571,0.02680334448814392,-0.0018486338667571545
0.20634920634920634,0.873015873015873,0.026811417192220688,-0.002028108574450016
0.20634920634920634,0.8888888888888888,0.023753076791763306,-0.0031717773526906967
0.20634920634920634,0.9047619047619047,0.01954502984881401,-0.004042127635329962
0.20634920634920634,0.9206349206349206,0.017191998660564423,-0.0009697562782093883
0.20634920634920634,0.9365079365079365,0.017405331134796143,0.0022791174706071615
0.20634920634920634,0.9523809523809523,0.020351281389594078,0.0005738085601478815
0.20634920634920634,0.9682539682539681,0.018391761928796768,0.002759540220722556
0.20634920634920634,0.9841269841269841,0.01871608756482601,0.006120714824646711
0.20634920634920634,1.0,0.02402830496430397,-0.003315372159704566
0.2222222222222222,0.0,0.018134446814656258,-0.020705601200461388
0.2222222222222222,0.015873015873015872,0.019219478592276573,-0.023634565994143486
0.2222222222222222,0.031746031746031744,0.015261895954608917,-0.016204893589019775
0.2222222222222222,0.047619047619047616,0.009092042222619057,-0.0026371132116764784
0.2222222222222222,0.06349206349206349,0.005559059325605631,0.01714029535651207
0.2222222222222222,0.07936507936507936,0.006185515318065882,0.021004272624850273
0.2222222222222222,0.09523809523809523,0.008672419935464859,0.016017887741327286
0.2222222222222222,0.1111111111111111,0.011413768865168095,0.00839204527437687
0.2222222222222222,0.12698412698412698,0.012894985266029835,0.0034286200534552336
0.2222222222222222,0.14285714285714285,0.013847477734088898,-0.0010549691505730152
0.2222222222222222,0.15873015873015872,0.01525393221527338,-0.00837694201618433
0.2222222222222222,0.1746031746031746,0.01378943957388401,-0.006597839295864105
0.2222222222222222,0.19047619047619047,0.010059142485260963,0.002723315265029669
0.2222222222222222,0.20634920634920634,0.008069999516010284,0.007909758016467094
0.2222222222222222,0.2222222222222222,0.0036616141442209482,0.014878494665026665
0.2222222222222222,0.23809523809523808,0.000911208160687238,0.02143952250480652
0.2222222222222222,0.25396825396825395,0.002837896114215255,0.02287040464580059
0.2222222222222222,0.2698412698412698,0.004611649550497532,0.028180107474327087
0.2222222222222222,0.2857142857142857,0.004696793854236603,0.03318139165639877
0.2222222222222222,0.30158730158730157,0.011080240830779076,0.018259119242429733
0.2222222222222222,0.31746031746031744,0.016485393047332764,0.0033119458239525557
0.2222222222222222,0.3333333333333333,0.01756090112030506,-0.0016774514224380255
0.2222222222222222,0.3492063492063492,0.015522231347858906,0.0032345440704375505
0.2222222222222222,0.36507936507936506,0.014582398347556591,0.01039187703281641
0.2222222222222222,0.38095238095238093,0.014436749741435051,0.01454905979335308
0.2222222222222222,0.3968253968253968,0.014429310336709023,0.019549831748008728
0.2222222222222222,0.4126984126984127,0.014372278936207294,0.02715332806110382
0.2222222222222222,0.42857142857142855,0.012711023911833763,0.033563219010829926
0.2222222222222222,0.4444444444444444,0.01169606950134039,0.029092708602547646
0.2222222222222222,0.4603174603174603,0.012357942759990692,0.024847205728292465
0.2222222222222222,0.47619047619047616,0.012729059904813766,0.016433563083410263
0.2222222222222222,0.49206349206349204,0.012375089339911938,0.001253536087460816
0.2222222222222222,0.5079365079365079,0.015693316236138344,-0.011283010244369507
0.2222222222222222,0.5238095238095237,0.014290853403508663,-0.013756439089775085
0.2222222222222222,0.5396825396825397,0.015070969238877296,-0.019480939954519272
0.2222222222222222,0.5555555555555556,0.01226203702390194,-0.012414133176207542
0.2222222222222222,0.5714285714285714,0.010184216313064098,-0.011387248523533344
0.2222222222222222,0.5873015873015872,0.008499891497194767,-0.011200322769582272
0.2222222222222222,0.6031746031746031,0.0077712656930089,0.005736094433814287
0.2222222222222222,0.6190476190476191,0.007480948232114315,0.021484753116965294
0.2222222222222222,0.6349206349206349,0.010578704066574574,0.0021889605559408665
0.2222222222222222,0.6507936507936507,0.009607034735381603,-0.007527159992605448
0.2222222222222222,0.6666666666666666,0.009246934205293655,-0.0020018210634589195
0.2222222222222222,0.6825396825396826,0.010780656710267067,0.0012555622961372137
0.2222222222222222,0.6984126984126984,0.011304694227874279,-0.0005550302448682487
0.2222222222222222,0.7142857142857142,0.007501957006752491,0.013484539464116096
0.2222222222222222,0.7301587301587301,0.004298207350075245,0.026653354987502098
0.2222222222222222,0.746031746031746,0.0014039133675396442,0.030138829723000526
0.2222222222222222,0.7619047619047619,-0.00045197916915640235,0.023896053433418274
0.2222222222222222,0.7777777777777777,0.002185112563893199,0.017220983281731606
0.2222222222222222,0.7936507936507936,0.005843364633619785,0.019930297508835793
0.2222222222222222,0.8095238095238095,0.00862862914800644,0.012881063856184483
0.2222222222222222,0.8253968253968254,0.01223896723240614,0.00776316924020648
0.2222222222222222,0.8412698412698412,0.015957217663526535,0.005082635208964348
0.2222222222222222,0.8571428571428571,0.018894987180829048,-0.0004962061648257077
0.2222222222222222,0.873015873015873,0.023011960089206696,-0.004995465744286776
0.2222222222222222,0.8888888888888888,0.023882506415247917,-0.0065361750312149525
0.2222222222222222,0.9047619047619047,0.019247477874159813,-0.0050122542306780815
0.2222222222222222,0.9206349206349206,0.015353230759501457,0.0008997309487313032
0.2222222222222222,0.9365079365079365,0.013889300636947155,0.010712901130318642
0.2222222222222222,0.9523809523809523,0.014825308695435524,0.010907584801316261
0.2222222222222222,0.9682539682539681,0.0175652913749218,0.002751546911895275
0.2222222222222222,0.9841269841269841,0.01829398423433304,0.00020225899061188102
0.2222222222222222,1.0,0.019243087619543076,-0.003170610638335347
0.23809523809523808,0.0,0.016754258424043655,-0.013878575526177883
0.23809523809523808,0.015873015873015872,0.015122797340154648,-0.007821029052138329
0.23809523809523808,0.031746031746031744,0.012114387936890125,0.003061765106394887
0.23809523809523808,0.047619047619047616,0.011595451273024082,0.008555923588573933
0.23809523809523808,0.06349206349206349,0.011748249642550945,0.010269227437675
0.23809523809523808,0.07936507936507936,0.010764393955469131,0.010521205142140388
0.23809523809523808,0.09523809523809523,0.010827104561030865,0.007596044801175594
0.23809523809523808,0.1111111111111111,0.011945809237658978,0.0018091370584443212
0.23809523809523808,0.12698412698412698,0.011978434398770332,-0.000945675652474165
0.23809523809523808,0.14285714285714285,0.012804104015231133,-0.002600792096927762
0.23809523809523808,0.15873015873015872,0.013747026212513447,-0.002554809907451272
0.23809523809523808,0.1746031746031746,0.01375875435769558,-0.002733207307755947
0.23809523809523808,0.19047619047619047,0.013286534696817398,-0.0014407193521037698
0.23809523809523808,0.20634920634920634,0.01206367090344429,-0.0017083270940929651
0.23809523809523808,0.2222222222222222,0.006027684547007084,0.0011737024178728461
0.23809523809523808,0.23809523809523808,0.0040665860287845135,-0.0030781205277889967
0.23809523809523808,0.25396825396825395,0.004274815786629915,-0.0008985677268356085
0.23809523809523808,0.2698412698412698,0.007530745584517717,-0.0027424287982285023
0.23809523809523808,0.2857142857142857,0.013924100436270237,-0.01128353364765644
0.23809523809523808,0.30158730158730157,0.017864542081952095,-0.015481770038604736
0.23809523809523808,0.31746031746031744,0.021683264523744583,-0.019624104723334312
0.23809523809523808,0.3333333333333333,0.02383885160088539,-0.023424813523888588
0.23809523809523808,0.3492063492063492,0.02493729628622532,-0.025877613574266434
0.23809523809523808,0.36507936507936506,0.023984083905816078,-0.025576313957571983
0.23809523809523808,0.38095238095238093,0.021150177344679832,-0.019630353897809982
0.23809523809523808,0.3968253968253968,0.017547646537423134,-0.010202550329267979
0.23809523809523808,0.4126984126984127,0.01662725955247879,-0.003011198714375496
0.23809523809523808,0.42857142857142855,0.015772992745041847,0.0037765156012028456
0.23809523809523808,0.4444444444444444,0.0176608357578516,0.00044840347254648805
0.23809523809523808,0.4603174603174603,0.017452368512749672,0.0017002758104354143
0.23809523809523808,0.47619047619047616,0.016919748857617378,0.0021227016113698483
0.23809523809523808,0.49206349206349204,0.01619209721684456,-0.004947868175804615
0.23809523809523808,0.5079365079365079,0.018504269421100616,-0.014317700639367104
0.23809523809523808,0.5238095238095237,0.01784314028918743,-0.017936481162905693
0.23809523809523808,0.5396825396825397,0.018197817727923393,-0.02000393718481064
0.23809523809523808,0.5555555555555556,0.015962855890393257,-0.014406352303922176
0.23809523809523808,0.5714285714285714,0.011859394609928131,-0.002717247698456049
0.23809523809523808,0.5873015873015872,0.009774711914360523,0.0011287368834018707
0.23809523809523808,0.6031746031746031,0.012042762711644173,-0.006593911908566952
0.23809523809523808,0.6190476190476191,0.014950417913496494,-0.005016544833779335
0.23809523809523808,0.6349206349206349,0.0137558588758111,-0.0022768510971218348
0.23809523809523808,0.6507936507936507,0.009325065650045872,-0.001298106275498867
0.23809523809523808,0.6666666666666666,0.011188839562237263,-0.0044033825397491455
0.23809523809523808,0.6825396825396826,0.015950795263051987,-0.012192955240607262
0.23809523809523808,0.6984126984126984,0.018938535824418068,-0.014990712516009808
0.23809523809523808,0.7142857142857142,0.015323065221309662,-0.0017012590542435646
0.23809523809523808,0.7301587301587301,0.006773228757083416,0.02255004271864891
0.23809523809523808,0.746031746031746,0.0035150886978954077,0.03188987821340561
0.23809523809523808,0.7619047619047619,0.0029116866644471884,0.02369207888841629
0.23809523809523808,0.7777777777777777,0.00967283733189106,0.014732827432453632
0.23809523809523808,0.7936507936507936,0.013113654218614101,0.010319949127733707
0.23809523809523808,0.8095238095238095,0.014664670452475548,0.005169801414012909
0.23809523809523808,0.8253968253968254,0.017563367262482643,-0.0022714899387210608
0.23809523809523808,0.8412698412698412,0.020744366571307182,-0.009435748681426048
0.23809523809523808,0.8571428571428571,0.021573998034000397,-0.00854297075420618
0.23809523809523808,0.873015873015873,0.018432138487696648,0.0034473822452127934
0.23809523809523808,0.8888888888888888,0.01750318706035614,0.012065728195011616
0.23809523809523808,0.9047619047619047,0.01728268340229988,0.017531443387269974
0.23809523809523808,0.9206349206349206,0.0184160228818655,0.014313687570393085
0.23809523809523808,0.9365079365079365,0.01958317682147026,0.008402809500694275
0.23809523809523808,0.9523809523809523,0.01805293746292591,0.008275296539068222
0.23809523809523808,0.9682539682539681,0.017831627279520035,0.004488745704293251
0.23809523809523808,0.9841269841269841,0.01817181520164013,-0.0014239171287044883
0.23809523809523808,1.0,0.019485214725136757,-0.00544454250484705
0.25396825396825395,0.0,0.015727940946817398,-0.008613219484686852
0.25396825396825395,0.015873015873015872,0.013913583010435104,-0.005549467168748379
0.25396825396825395,0.031746031746031744,0.01214445848017931,0.002138114534318447
0.25396825396825395,0.047619047619047616,0.01120525412261486,0.011115693487226963
0.25396825396825395,0.06349206349206349,0.0115949846804142,0.01596633344888687
0.25396825396825395,0.07936507936507936,0.010750941932201385,0.014333109371364117
0.25396825396825395,0.09523809523809523,0.012877141125500202,0.008752848021686077
0.25396825396825395,0.1111111111111111,0.01536859106272459,0.005109253339469433
0.25396825396825395,0.12698412698412698,0.014939486980438232,0.002652964787557721
0.25396825396825395,0.14285714285714285,0.014647274278104305,-0.00021199493494350463
0.25396825396825395,0.15873015873015872,0.013147116638720036,-0.0017536311643198133
0.25396825396825395,0.1746031746031746,0.011336010880768299,-0.004945539403706789
0.25396825396825395,0.19047619047619047,0.01049003191292286,-0.00615024333819747
0.25396825396825395,0.20634920634920634,0.010582152754068375,-0.00340017001144588
0.25396825396825395,0.2222222222222222,0.011565187945961952,0.010456500574946404
0.25396825396825395,0.23809523809523808,0.007655693218111992,-0.012125150300562382
0.25396825396825395,0.25396825396825395,0.006568312644958496,-0.0014205478364601731
0.25396825396825395,0.2698412698412698,0.009112702682614326,-0.0037983665242791176
0.25396825396825395,0.2857142857142857,0.012839410454034805,-0.01206015981733799
0.25396825396825395,0.30158730158730157,0.016610510647296906,-0.017750421538949013
0.25396825396825395,0.31746031746031744,0.01911861263215542,-0.0229751318693161
0.25396825396825395,0.3333333333333333,0.020630162209272385,-0.028476854786276817
0.25396825396825395,0.3492063492063492,0.022090740501880646,-0.03128397464752197
0.25396825396825395,0.36507936507936506,0.022035006433725357,-0.02919548936188221
0.25396825396825395,0.38095238095238093,0.020365562289953232,-0.022916873916983604
0.25396825396825395,0.3968253968253968,0.017921609804034233,-0.01579824462532997
0.25396825396825395,0.4126984126984127,0.0169846061617136,-0.009435287676751614
0.25396825396825395,0.42857142857142855,0.016607459634542465,-0.0033135181292891502
0.25396825396825395,0.4444444444444444,0.013372763060033321,-0.00516115827485919
0.25396825396825395,0.4603174603174603,0.013804911635816097,-0.0034312682691961527
0.25396825396825395,0.47619047619047616,0.014916895888745785,-0.006685703992843628
0.25396825396825395,0.49206349206349204,0.014557542279362679,-0.013149291276931763
0.25396825396825395,0.5079365079365079,0.014917121268808842,-0.01869107037782669
0.25396825396825395,0.5238095238095237,0.015660075470805168,-0.02068854309618473
0.25396825396825395,0.5396825396825397,0.01699129119515419,-0.02085837535560131
0.25396825396825395,0.5555555555555556,0.01723942719399929,-0.01982640102505684
0.25396825396825395,0.5714285714285714,0.016221340745687485,-0.018535790964961052
0.25396825396825395,0.5873015873015872,0.012175575830042362,-0.016560330986976624
0.25396825396825395,0.6031746031746031,0.009099283255636692,-0.014228415675461292
0.25396825396825395,0.6190476190476191,0.011552584357559681,-0.009172488003969193
0.25396825396825395,0.6349206349206349,0.0015209114644676447,0.010486901737749577
0.25396825396825395,0.6507936507936507,0.0054406095296144485,-0.00019023899221792817
0.25396825396825395,0.6666666666666666,0.011430919170379639,-0.005674487911164761
0.25396825396825395,0.6825396825396826,0.014722463674843311,-0.012028403580188751
0.25396825396825395,0.6984126984126984,0.017406046390533447,-0.012651128694415092
0.25396825396825395,0.7142857142857142,0.018333176150918007,-0.010503013618290424
0.25396825396825395,0.7301587301587301,0.015017908066511154,0.0024682621005922556
0.25396825396825395,0.746031746031746,0.01096421293914318,0.012277222238481045
0.25396825396825395,0.7619047619047619,0.016299674287438393,0.00866643525660038
0.25396825396825395,0.7777777777777777,0.01434498094022274,0.012480637989938259
0.25396825396825395,0.7936507936507936,0.013237948529422283,0.012238698080182076
0.25396825396825395,0.8095238095238095,0.014766506850719452,0.007209400180727243
0.25396825396825395,0.8253968253968254,0.016829583793878555,0.00019257001986261457
0.25396825396825395,0.8412698412698412,0.019894111901521683,-0.0062826769426465034
0.25396825396825395,0.8571428571428571,0.02295757085084915,-0.010133562609553337
0.25396825396825395,0.873015873015873,0.02343783713877201,-0.008477297611534595
0.25396825396825395,0.8888888888888888,0.021475130692124367,-0.0005660586757585406
0.25396825396825395,0.9047619047619047,0.021760262548923492,0.004339885897934437
0.25396825396825395,0.9206349206349206,0.02140468917787075,0.008168748579919338
0.25396825396825395,0.9365079365079365,0.01790647581219673,0.012683538720011711
0.25396825396825395,0.9523809523809523,0.01617567241191864,0.013867948204278946
0.25396825396825395,0.9682539682539681,0.017858784645795822,0.011555359698832035
0.25396825396825395,0.9841269841269841,0.01979796029627323,0.007317743264138699
0.25396825396825395,1.0,0.020674623548984528,0.0033576926216483116
0.2698412698412698,0.0,0.016433680430054665,-0.001965621020644903
0.2698412698412698,0.015873015873015872,0.015824370086193085,-0.0017391943838447332
0.2698412698412698,0.031746031746031744,0.01543448492884636,0.0030747626442462206
0.2698412698412698,0.047619047619047616,0.014294707216322422,0.010240420699119568
0.2698412698412698,0.06349206349206349,0.013398966751992702,0.013007089495658875
0.2698412698412698,0.07936507936507936,0.012771367095410824,0.01629486121237278
0.2698412698412698,0.09523809523809523,0.01492052711546421,0.013793234713375568
0.2698412698412698,0.1111111111111111,0.01342055108398199,0.008528528735041618
0.2698412698412698,0.12698412698412698,0.01233664620667696,0.004713131580501795
0.2698412698412698,0.14285714285714285,0.014145081862807274,-0.002877352060750127
0.2698412698412698,0.15873015873015872,0.014832020737230778,-0.0012326755095273256
0.2698412698412698,0.1746031746031746,0.013195124454796314,-0.00158152193762362
0.2698412698412698,0.19047619047619047,0.01225658506155014,-0.004705647472292185
0.2698412698412698,0.20634920634920634,0.012804402969777584,-0.009226078167557716
0.2698412698412698,0.2222222222222222,0.02010410837829113,-4.727799750980921e-05
0.2698412698412698,0.23809523809523808,0.010791335254907608,0.0025345042813569307
0.2698412698412698,0.25396825396825395,0.00943562388420105,0.0028455285355448723
0.2698412698412698,0.2698412698412698,0.012169507332146168,-0.005155788268893957
0.2698412698412698,0.2857142857142857,0.01890144869685173,-0.012566881254315376
0.2698412698412698,0.30158730158730157,0.01866108924150467,-0.016269655898213387
0.2698412698412698,0.31746031746031744,0.019325997680425644,-0.02055199071764946
0.2698412698412698,0.3333333333333333,0.019550032913684845,-0.026595355942845345
0.2698412698412698,0.3492063492063492,0.019988540560007095,-0.02889905497431755
0.2698412698412698,0.36507936507936506,0.020826544612646103,-0.024719197303056717
0.2698412698412698,0.38095238095238093,0.022202856838703156,-0.018452273681759834
0.2698412698412698,0.3968253968253968,0.022473039105534554,-0.011881131678819656
0.2698412698412698,0.4126984126984127,0.022336890920996666,-0.008719436824321747
0.2698412698412698,0.42857142857142855,0.020986951887607574,-0.011215772479772568
0.2698412698412698,0.4444444444444444,0.015022060833871365,-0.021991610527038574
0.2698412698412698,0.4603174603174603,0.014119552448391914,-0.016509797424077988
0.2698412698412698,0.47619047619047616,0.015806816518306732,-0.012942738831043243
0.2698412698412698,0.49206349206349204,0.013972470536828041,-0.015790851786732674
0.2698412698412698,0.5079365079365079,0.014461206272244453,-0.01921415701508522
0.2698412698412698,0.5238095238095237,0.015398700721561909,-0.020248139277100563
0.2698412698412698,0.5396825396825397,0.016934646293520927,-0.018895726650953293
0.2698412698412698,0.5555555555555556,0.018404947593808174,-0.01874607615172863
0.2698412698412698,0.5714285714285714,0.0170242078602314,-0.017659049481153488
0.2698412698412698,0.5873015873015872,0.017837928608059883,-0.02379707805812359
0.2698412698412698,0.6031746031746031,0.006938628386706114,-0.023431437090039253
0.2698412698412698,0.6190476190476191,0.011830201372504234,-0.024199943989515305
0.2698412698412698,0.6349206349206349,0.0026209340430796146,-0.015183065086603165
0.2698412698412698,0.6507936507936507,0.005897199735045433,-0.013166776858270168
0.2698412698412698,0.6666666666666666,0.014910330064594746,-0.012918730266392231
0.2698412698412698,0.6825396825396826,0.01814900152385235,-0.011278387159109116
0.2698412698412698,0.6984126984126984,0.019037768244743347,-0.009859535843133926
0.2698412698412698,0.7142857142857142,0.021867770701646805,-0.010638594627380371
0.2698412698412698,0.7301587301587301,0.02261563017964363,-0.007101992145180702
0.2698412698412698,0.746031746031746,0.02014489844441414,0.0018703012028709054
0.2698412698412698,0.7619047619047619,0.02350502833724022,0.007182391360402107
0.2698412698412698,0.7777777777777777,0.021776564419269562,0.011973015032708645
0.2698412698412698,0.7936507936507936,0.016593800857663155,0.021724287420511246
0.2698412698412698,0.8095238095238095,0.016799969598650932,0.02156580053269863
0.2698412698412698,0.8253968253968254,0.01941974274814129,0.014996597543358803
0.2698412698412698,0.8412698412698412,0.02228928729891777,0.0076025850139558315
0.2698412698412698,0.8571428571428571,0.024364417418837547,0.0024823693092912436
0.2698412698412698,0.873015873015873,0.025899624451994896,-0.0008587209740653634
0.2698412698412698,0.8888888888888888,0.02625185251235962,0.0021689615678042173
0.2698412698412698,0.9047619047619047,0.02551158145070076,0.005024997983127832
0.2698412698412698,0.9206349206349206,0.02380378730595112,0.013849389739334583
0.2698412698412698,0.9365079365079365,0.02150096371769905,0.02167280577123165
0.2698412698412698,0.9523809523809523,0.02097257971763611,0.024634823203086853
0.2698412698412698,0.9682539682539681,0.021823817864060402,0.024623684585094452
0.2698412698412698,0.9841269841269841,0.02303316257894039,0.02073001302778721
0.2698412698412698,1.0,0.023313559591770172,0.01599467732012272
0.2857142857142857,0.0,0.02081211283802986,-0.0034457691945135593
0.2857142857142857,0.015873015873015872,0.020425034686923027,0.0008771150605753064
0.2857142857142857,0.031746031746031744,0.019760144874453545,0.006117063574492931
0.2857142857142857,0.047619047619047616,0.018582209944725037,0.008885287679731846
0.2857142857142857,0.06349206349206349,0.016945675015449524,0.014969568699598312
0.2857142857142857,0.07936507936507936,0.013944976031780243,0.017704252153635025
0.2857142857142857,0.09523809523809523,0.013998560607433319,0.011771217919886112
0.2857142857142857,0.1111111111111111,0.012923301197588444,0.002123546786606312
0.2857142857142857,0.12698412698412698,0.013094699941575527,-0.0035827786196023226
0.2857142857142857,0.14285714285714285,0.013590590097010136,-0.0056452942080795765
0.2857142857142857,0.15873015873015872,0.013815604150295258,-0.0045379274524748325
0.2857142857142857,0.1746031746031746,0.015286259353160858,-0.006072523538023233
0.2857142857142857,0.19047619047619047,0.015049614012241364,-0.007952313870191574
0.2857142857142857,0.20634920634920634,0.01465307455509901,-0.012198096141219139
0.2857142857142857,0.2222222222222222,0.016294414177536964,-0.016340667381882668
0.2857142857142857,0.23809523809523808,0.01656682789325714,-0.019493434578180313
0.2857142857142857,0.25396825396825395,0.015448268502950668,-0.01753132790327072
0.2857142857142857,0.2698412698412698,0.018133867532014847,-0.024120863527059555
0.2857142857142857,0.2857142857142857,0.024404410272836685,-0.035157740116119385
0.2857142857142857,0.30158730158730157,0.024050597101449966,0.017363637685775757
0.2857142857142857,0.31746031746031744,0.022975290194153786,-0.013706895522773266
0.2857142857142857,0.3333333333333333,0.022890446707606316,-0.02091892808675766
0.2857142857142857,0.3492063492063492,0.0233176127076149,-0.02060585469007492
0.2857142857142857,0.36507936507936506,0.023732295259833336,-0.014735030010342598
0.2857142857142857,0.38095238095238093,0.02583412639796734,-0.010099230334162712
0.2857142857142857,0.3968253968253968,0.025717878714203835,-0.007696688640862703
0.2857142857142857,0.4126984126984127,0.024350034072995186,-0.005318998824805021
0.2857142857142857,0.42857142857142855,0.02364468388259411,-0.00839820597320795
0.2857142857142857,0.4444444444444444,0.019243409857153893,-0.008168268948793411
0.2857142857142857,0.4603174603174603,0.01710996963083744,0.019619885832071304
0.2857142857142857,0.47619047619047616,0.018714003264904022,-0.01983492635190487
0.2857142857142857,0.49206349206349204,0.017535855993628502,-0.019266892224550247
0.2857142857142857,0.5079365079365079,0.01749095320701599,-0.018305493518710136
0.2857142857142857,0.5238095238095237,0.0190763920545578,-0.017410244792699814
0.2857142857142857,0.5396825396825397,0.02100617252290249,-0.014694456942379475
0.2857142857142857,0.5555555555555556,0.02203015238046646,-0.012092112563550472
0.2857142857142857,0.5714285714285714,0.02400948852300644,-0.014301249757409096
0.2857142857142857,0.5873015873015872,0.025057651102542877,-0.020057780668139458
0.2857142857142857,0.6031746031746031,0.012066865339875221,-0.025082994252443314
0.2857142857142857,0.6190476190476191,0.006086825858801603,-0.020738864317536354
0.2857142857142857,0.6349206349206349,0.009015622548758984,-0.03673594444990158
0.2857142857142857,0.6507936507936507,0.010733340866863728,-0.01490778848528862
0.2857142857142857,0.6666666666666666,0.016026517376303673,-0.008883188478648663
0.2857142857142857,0.6825396825396826,0.020639758557081223,-0.006982760038226843
0.2857142857142857,0.6984126984126984,0.023230237886309624,-0.004691110923886299
0.2857142857142857,0.7142857142857142,0.025163017213344574,0.0007038703770376742
0.2857142857142857,0.7301587301587301,0.025719335302710533,0.0059688035398721695
0.2857142857142857,0.746031746031746,0.027920600026845932,0.005214792210608721
0.2857142857142857,0.7619047619047619,0.03301449865102768,0.009842904284596443
0.2857142857142857,0.7777777777777777,0.025145357474684715,0.014770859852433205
0.2857142857142857,0.7936507936507936,0.017296189442276955,0.019102081656455994
0.2857142857142857,0.8095238095238095,0.01650024950504303,0.023076198995113373
0.2857142857142857,0.8253968253968254,0.020237397402524948,0.024835648015141487
0.2857142857142857,0.8412698412698412,0.024265283718705177,0.021068159490823746
0.2857142857142857,0.8571428571428571,0.027435075491666794,0.01417570747435093
0.2857142857142857,0.873015873015873,0.028833990916609764,0.014343071728944778
0.2857142857142857,0.8888888888888888,0.02885540947318077,0.017024660483002663
0.2857142857142857,0.9047619047619047,0.028591681271791458,0.01703071780502796
0.2857142857142857,0.9206349206349206,0.027959173545241356,0.02055254951119423
0.2857142857142857,0.9365079365079365,0.02610497921705246,0.02770836278796196
0.2857142857142857,0.9523809523809523,0.024357561022043228,0.029964448884129524
0.2857142857142857,0.9682539682539681,0.02401171438395977,0.028749993070960045
0.2857142857142857,0.9841269841269841,0.025598974898457527,0.02444719523191452
0.2857142857142857,1.0,0.026019172742962837,0.020536189898848534
0.30158730158730157,0.0,0.022254623472690582,0.006597375031560659
0.30158730158730157,0.015873015873015872,0.018230866640806198,0.01511392556130886
0.30158730158730157,0.031746031746031744,0.015154468826949596,0.021451633423566818
0.30158730158730157,0.047619047619047616,0.015461577102541924,0.024879606440663338
0.30158730158730157,0.06349206349206349,0.013620313256978989,0.0240135807543993
0.30158730158730157,0.07936507936507936,0.010896512307226658,0.02632678672671318
0.30158730158730157,0.09523809523809523,0.012497141025960445,0.018901659175753593
0.30158730158730157,0.1111111111111111,0.01337352953851223,0.009381909854710102
0.30158730158730157,0.12698412698412698,0.013449439778923988,-0.000656087591778487
0.30158730158730157,0.14285714285714285,0.013741004280745983,-0.0053332154639065266
0.30158730158730157,0.15873015873015872,0.009448988363146782,0.0034567846450954676
0.30158730158730157,0.1746031746031746,0.009029262699186802,0.008989522233605385
0.30158730158730157,0.19047619047619047,0.008640291169285774,0.007718267384916544
0.30158730158730157,0.20634920634920634,0.009660102427005768,0.0024210733827203512
0.30158730158730157,0.2222222222222222,0.010568984784185886,-0.007473872043192387
0.30158730158730157,0.23809523809523808,0.014943077228963375,-0.0165031086653471
0.30158730158730157,0.25396825396825395,0.017010699957609177,-0.027642637491226196
0.30158730158730157,0.2698412698412698,0.018103286623954773,-0.040326084941625595
0.30158730158730157,0.2857142857142857,0.022548001259565353,-0.03161201253533363
0.30158730158730157,0.30158730158730157,0.025833114981651306,0.014793060719966888
0.30158730158730157,0.31746031746031744,0.022928789258003235,-0.01085218507796526
0.30158730158730157,0.3333333333333333,0.02275281958281994,-0.0071128979325294495
0.30158730158730157,0.3492063492063492,0.022480657324194908,-0.007098495028913021
0.30158730158730157,0.36507936507936506,0.022663962095975876,-0.002617024118080735
0.30158730158730157,0.38095238095238093,0.023703429847955704,0.0015757291112095118
0.30158730158730157,0.3968253968253968,0.023928174749016762,0.0022629296872764826
0.30158730158730157,0.4126984126984127,0.024182546883821487,0.0033272483851760626
0.30158730158730157,0.42857142857142855,0.024021120741963387,-0.00010497544280951843
0.30158730158730157,0.4444444444444444,0.023376690223813057,-0.002924639033153653
0.30158730158730157,0.4603174603174603,0.02099781297147274,0.02457548677921295
0.30158730158730157,0.47619047619047616,0.018726717680692673,-0.0135415717959404
0.30158730158730157,0.49206349206349204,0.016867144033312798,-0.010968959890305996
0.30158730158730157,0.5079365079365079,0.016111690551042557,-0.008648494258522987
0.30158730158730157,0.5238095238095237,0.017680075019598007,-0.007610860746353865
0.30158730158730157,0.5396825396825397,0.020374802872538567,-0.006005324888974428
0.30158730158730157,0.5555555555555556,0.021229906007647514,-0.00411131652072072
0.30158730158730157,0.5714285714285714,0.024233685806393623,-0.004614022094756365
0.30158730158730157,0.5873015873015872,0.024755487218499184,-0.008178501389920712
0.30158730158730157,0.6031746031746031,0.01811484433710575,-0.012972980737686157
0.30158730158730157,0.6190476190476191,0.011877191253006458,-0.014372313395142555
0.30158730158730157,0.6349206349206349,0.01424183789640665,-0.01710059493780136
0.30158730158730157,0.6507936507936507,0.015688136219978333,-0.006243931129574776
0.30158730158730157,0.6666666666666666,0.01619458571076393,-0.0014622182352468371
0.30158730158730157,0.6825396825396826,0.018746038898825645,0.003874568035826087
0.30158730158730157,0.6984126984126984,0.020664768293499947,0.009039989672601223
0.30158730158730157,0.7142857142857142,0.022346917539834976,0.014668824151158333
0.30158730158730157,0.7301587301587301,0.02316131815314293,0.01151684857904911
0.30158730158730157,0.746031746031746,0.02822926454246044,0.0075105708092451096
0.30158730158730157,0.7619047619047619,0.03320762887597084,0.013337155804038048
0.30158730158730157,0.7777777777777777,0.022520625963807106,0.019561948254704475
0.30158730158730157,0.7936507936507936,0.01333469245582819,0.023547200486063957
0.30158730158730157,0.8095238095238095,0.014301309362053871,0.020276831462979317
0.30158730158730157,0.8253968253968254,0.019078103825449944,0.024822086095809937
0.30158730158730157,0.8412698412698412,0.02459137886762619,0.02648981660604477
0.30158730158730157,0.8571428571428571,0.02908363938331604,0.02870129980146885
0.30158730158730157,0.873015873015873,0.028208134695887566,0.029101276770234108
0.30158730158730157,0.8888888888888888,0.027312958613038063,0.02813667245209217
0.30158730158730157,0.9047619047619047,0.026024028658866882,0.031090931966900826
0.30158730158730157,0.9206349206349206,0.02616260014474392,0.03167640417814255
0.30158730158730157,0.9365079365079365,0.025583725422620773,0.034221041947603226
0.30158730158730157,0.9523809523809523,0.024742599576711655,0.03538980334997177
0.30158730158730157,0.9682539682539681,0.02533823996782303,0.030335724353790283
0.30158730158730157,0.9841269841269841,0.028042152523994446,0.022903384640812874
0.30158730158730157,1.0,0.03020625375211239,0.020973026752471924
0.31746031746031744,0.0,0.017178690060973167,0.018178943544626236
0.31746031746031744,0.015873015873015872,0.016180649399757385,0.019242694601416588
0.31746031746031744,0.031746031746031744,0.014392705634236336,0.0223194919526577
0.31746031746031744,0.047619047619047616,0.011205574497580528,0.03642979636788368
0.31746031746031744,0.06349206349206349,0.010787386447191238,0.04145121946930885
0.31746031746031744,0.07936507936507936,0.008356179110705853,0.04175926744937897
0.31746031746031744,0.09523809523809523,0.007798650301992893,0.035584982484579086
0.31746031746031744,0.1111111111111111,0.009394560940563679,0.02299153245985508
0.31746031746031744,0.12698412698412698,0.014438343234360218,0.009450491517782211
0.31746031746031744,0.14285714285714285,0.015113119967281818,0.009443557821214199
0.31746031746031744,0.15873015873015872,0.013705617748200893,0.015295150689780712
0.31746031746031744,0.1746031746031746,0.00684101739898324,0.019357414916157722
0.31746031746031744,0.19047619047619047,0.005845285020768642,0.01912676729261875
0.31746031746031744,0.20634920634920634,0.006770805921405554,0.012548273429274559
0.31746031746031744,0.2222222222222222,0.0061465478502213955,0.0024298825301229954
0.31746031746031744,0.23809523809523808,0.005118922330439091,0.002761032897979021
0.31746031746031744,0.25396825396825395,0.00925526861101389,-0.013194536790251732
0.31746031746031744,0.2698412698412698,0.011537455953657627,-0.026038533076643944
0.31746031746031744,0.2857142857142857,0.01678611896932125,-0.018425391986966133
0.31746031746031744,0.30158730158730157,0.019676413387060165,-0.009016268886625767
0.31746031746031744,0.31746031746031744,0.02221936732530594,-0.003568486077710986
0.31746031746031744,0.3333333333333333,0.019411496818065643,-0.00482358131557703
0.31746031746031744,0.3492063492063492,0.02076241932809353,-0.004196348134428263
0.31746031746031744,0.36507936507936506,0.01996142603456974,0.0031176749616861343
0.31746031746031744,0.38095238095238093,0.020091960206627846,0.007870295085012913
0.31746031746031744,0.3968253968253968,0.02091606706380844,0.007071951869875193
0.31746031746031744,0.4126984126984127,0.021645858883857727,0.006962303537875414
0.31746031746031744,0.42857142857142855,0.02198352850973606,0.004762824159115553
0.31746031746031744,0.4444444444444444,0.02123805321753025,6.204633973538876e-05
0.31746031746031744,0.4603174603174603,0.02054346352815628,0.0012703101383522153
0.31746031746031744,0.47619047619047616,0.018123213201761246,0.0020953535567969084
0.31746031746031744,0.49206349206349204,0.014433939009904861,0.0020941870752722025
0.31746031746031744,0.5079365079365079,0.012958968058228493,0.002162126824259758
0.31746031746031744,0.5238095238095237,0.014473997056484222,0.003178145969286561
0.31746031746031744,0.5396825396825397,0.016761789098381996,0.005140719469636679
0.31746031746031744,0.5555555555555556,0.016529323533177376,0.007231531199067831
0.31746031746031744,0.5714285714285714,0.018462499603629112,0.0011219679145142436
0.31746031746031744,0.5873015873015872,0.02156445011496544,-0.00410409877076745
0.31746031746031744,0.6031746031746031,0.017607711255550385,-0.004190000239759684
0.31746031746031744,0.6190476190476191,0.01579601876437664,-0.007012946531176567
0.31746031746031744,0.6349206349206349,0.01585942506790161,-0.00039644711068831384
0.31746031746031744,0.6507936507936507,0.014308913610875607,0.003518323879688978
0.31746031746031744,0.6666666666666666,0.015338336117565632,0.00927517656236887
0.31746031746031744,0.6825396825396826,0.016500500962138176,0.016793332993984222
0.31746031746031744,0.6984126984126984,0.018150724470615387,0.021223222836852074
0.31746031746031744,0.7142857142857142,0.01851196214556694,0.026902861893177032
0.31746031746031744,0.7301587301587301,0.017693467438220978,0.03157639130949974
0.31746031746031744,0.746031746031746,0.022827571257948875,0.029363779351115227
0.31746031746031744,0.7619047619047619,0.029451686888933182,0.02654796838760376
0.31746031746031744,0.7777777777777777,0.01249195821583271,0.026074443012475967
0.31746031746031744,0.7936507936507936,0.005064844153821468,0.03129106014966965
0.31746031746031744,0.8095238095238095,0.011135159991681576,0.03453909978270531
0.31746031746031744,0.8253968253968254,0.01585649698972702,0.03554001823067665
0.31746031746031744,0.8412698412698412,0.0251158494502306,0.040382493287324905
0.31746031746031744,0.8571428571428571,0.028908003121614456,0.03726115822792053
0.31746031746031744,0.873015873015873,0.027485106140375137,0.03394098952412605
0.31746031746031744,0.8888888888888888,0.03168873116374016,0.027472568675875664
0.31746031746031744,0.9047619047619047,0.025834975764155388,0.03601699322462082
0.31746031746031744,0.9206349206349206,0.022131524980068207,0.04555532708764076
0.31746031746031744,0.9365079365079365,0.02102365717291832,0.045534245669841766
0.31746031746031744,0.9523809523809523,0.021419312804937363,0.04300902038812637
0.31746031746031744,0.9682539682539681,0.023407679051160812,0.0380917489528656
0.31746031746031744,0.9841269841269841,0.02355402335524559,0.037064630538225174
0.31746031746031744,1.0,0.025929057970643044,0.03574409708380699
0.3333333333333333,0.0,0.012407134287059307,0.02041679620742798
0.3333333333333333,0.015873015873015872,0.014699026942253113,0.015464581549167633
0.3333333333333333,0.031746031746031744,0.014948360621929169,0.01680142618715763
0.3333333333333333,0.047619047619047616,0.00970390997827053,0.038331128656864166
0.3333333333333333,0.06349206349206349,0.006323874928057194,0.05323147773742676
0.3333333333333333,0.07936507936507936,0.007668052799999714,0.050710421055555344
0.3333333333333333,0.09523809523809523,0.008065142668783665,0.042268332093954086
0.3333333333333333,0.1111111111111111,0.00768794072791934,0.033964887261390686
0.3333333333333333,0.12698412698412698,0.011708168312907219,0.023181170225143433
0.3333333333333333,0.14285714285714285,0.013809996657073498,0.025463350117206573
0.3333333333333333,0.15873015873015872,0.010529717430472374,0.024694617837667465
0.3333333333333333,0.1746031746031746,0.0068910811096429825,0.024105018004775047
0.3333333333333333,0.19047619047619047,0.0034099924378097057,0.03228060528635979
0.3333333333333333,0.20634920634920634,0.005817252676934004,0.025314150378108025
0.3333333333333333,0.2222222222222222,0.002347224159166217,0.019002776592969894
0.3333333333333333,0.23809523809523808,0.0017908408772200346,0.016370009630918503
0.3333333333333333,0.25396825396825395,0.005849446635693312,0.004884473979473114
0.3333333333333333,0.2698412698412698,0.008401107974350452,-0.0037596533074975014
0.3333333333333333,0.2857142857142857,0.01488820742815733,-0.004373379051685333
0.3333333333333333,0.30158730158730157,0.01802152208983898,0.001492018811404705
0.3333333333333333,0.31746031746031744,0.017377085983753204,0.002314921235665679
0.3333333333333333,0.3333333333333333,0.0160423144698143,-0.0009826832683756948
0.3333333333333333,0.3492063492063492,0.017081275582313538,-8.861728565534577e-05
0.3333333333333333,0.36507936507936506,0.01678725890815258,0.0061362008564174175
0.3333333333333333,0.38095238095238093,0.01584930717945099,0.01181117258965969
0.3333333333333333,0.3968253968253968,0.016842316836118698,0.009752010926604271
0.3333333333333333,0.4126984126984127,0.019086167216300964,0.006816801615059376
0.3333333333333333,0.42857142857142855,0.01995357684791088,0.00339384563267231
0.3333333333333333,0.4444444444444444,0.019228510558605194,0.0006761543918401003
0.3333333333333333,0.4603174603174603,0.01626843772828579,0.005335157737135887
0.3333333333333333,0.47619047619047616,0.013309307396411896,0.0068789878860116005
0.3333333333333333,0.49206349206349204,0.010383568704128265,0.008267611265182495
0.3333333333333333,0.5079365079365079,0.009952623397111893,0.008838501758873463
0.3333333333333333,0.5238095238095237,0.011382384225726128,0.009750203229486942
0.3333333333333333,0.5396825396825397,0.013079129159450531,0.01369679905474186
0.3333333333333333,0.5555555555555556,0.010297970846295357,0.008780083619058132
0.3333333333333333,0.5714285714285714,0.010665260255336761,0.0019616391509771347
0.3333333333333333,0.5873015873015872,0.011767931282520294,-0.006286778952926397
0.3333333333333333,0.6031746031746031,0.016791608184576035,-0.011463118717074394
0.3333333333333333,0.6190476190476191,0.014590313658118248,-0.008358069695532322
0.3333333333333333,0.6349206349206349,0.016129054129123688,0.00041652622167021036
0.3333333333333333,0.6507936507936507,0.014574363827705383,0.008187363855540752
0.3333333333333333,0.6666666666666666,0.01459897868335247,0.015766385942697525
0.3333333333333333,0.6825396825396826,0.01468572299927473,0.020792635157704353
0.3333333333333333,0.6984126984126984,0.016033224761486053,0.02429203689098358
0.3333333333333333,0.7142857142857142,0.015613652765750885,0.030114877969026566
0.3333333333333333,0.7301587301587301,0.012129528447985649,0.02517891488969326
0.3333333333333333,0.746031746031746,0.016113214194774628,0.022459689527750015
0.3333333333333333,0.7619047619047619,0.02323462814092636,0.03138631582260132
0.3333333333333333,0.7777777777777777,0.006930524483323097,0.029392622411251068
0.3333333333333333,0.7936507936507936,-3.8816284359199926e-05,0.030959725379943848
0.3333333333333333,0.8095238095238095,0.007469370495527983,0.0409109890460968
0.3333333333333333,0.8253968253968254,0.01803511194884777,0.04325542598962784
0.3333333333333333,0.8412698412698412,0.023559188470244408,0.04550638794898987
0.3333333333333333,0.8571428571428571,0.021564070135354996,0.042798396199941635
0.3333333333333333,0.873015873015873,0.02420966327190399,0.035286031663417816
0.3333333333333333,0.8888888888888888,0.03029835969209671,0.026254242286086082
0.3333333333333333,0.9047619047619047,0.02493033930659294,0.037142563611269
0.3333333333333333,0.9206349206349206,0.019372759386897087,0.04928342625498772
0.3333333333333333,0.9365079365079365,0.015662308782339096,0.053052715957164764
0.3333333333333333,0.9523809523809523,0.01649206131696701,0.04824533686041832
0.3333333333333333,0.9682539682539681,0.020638935267925262,0.03979642689228058
0.3333333333333333,0.9841269841269841,0.02112860046327114,0.04085833951830864
0.3333333333333333,1.0,0.021524515002965927,0.03928227350115776
0.3492063492063492,0.0,0.011353816837072372,0.014583953656256199
0.3492063492063492,0.015873015873015872,0.011406419798731804,0.014378259889781475
0.3492063492063492,0.031746031746031744,0.010504473000764847,0.01971328817307949
0.3492063492063492,0.047619047619047616,0.0032243940513581038,0.04524419829249382
0.3492063492063492,0.06349206349206349,0.002567979274317622,0.05162432789802551
0.3492063492063492,0.07936507936507936,0.005350446794182062,0.04823300987482071
0.3492063492063492,0.09523809523809523,0.006462452933192253,0.04229184612631798
0.3492063492063492,0.1111111111111111,0.007077980786561966,0.03530605137348175
0.3492063492063492,0.12698412698412698,0.006321299355477095,0.028742829337716103
0.3492063492063492,0.14285714285714285,0.0062600960955023766,0.028392016887664795
0.3492063492063492,0.15873015873015872,0.00537083437666297,0.028337843716144562
0.3492063492063492,0.1746031746031746,0.0036577610298991203,0.029305871576070786
0.3492063492063492,0.19047619047619047,0.0013502022484317422,0.03132567182183266
0.3492063492063492,0.20634920634920634,0.002077285433188081,0.02797149121761322
0.3492063492063492,0.2222222222222222,0.0015474361134693027,0.026236150413751602
0.3492063492063492,0.23809523809523808,0.0020931903272867203,0.019866859540343285
0.3492063492063492,0.25396825396825395,0.00396859971806407,0.00947606097906828
0.3492063492063492,0.2698412698412698,0.011735459789633751,0.009076100774109364
0.3492063492063492,0.2857142857142857,0.014084252528846264,0.005077012348920107
0.3492063492063492,0.30158730158730157,0.01657235436141491,0.0010328978532925248
0.3492063492063492,0.31746031746031744,0.016447054222226143,-0.003812330774962902
0.3492063492063492,0.3333333333333333,0.014112889766693115,-0.0043970681726932526
0.3492063492063492,0.3492063492063492,0.013669961132109165,-0.0034122662618756294
0.3492063492063492,0.36507936507936506,0.013344328850507736,0.002320982050150633
0.3492063492063492,0.38095238095238093,0.012277361005544662,0.010534410364925861
0.3492063492063492,0.3968253968253968,0.014671379700303078,0.010653727687895298
0.3492063492063492,0.4126984126984127,0.02179173193871975,0.004792069550603628
0.3492063492063492,0.42857142857142855,0.020818132907152176,-0.00024035020032897592
0.3492063492063492,0.4444444444444444,0.0186267402023077,-0.003982908558100462
0.3492063492063492,0.4603174603174603,0.01475347951054573,0.00435927277430892
0.3492063492063492,0.47619047619047616,0.011150241829454899,0.0067987325601279736
0.3492063492063492,0.49206349206349204,0.008957486599683762,0.007087478414177895
0.3492063492063492,0.5079365079365079,0.00805636029690504,0.0060080294497311115
0.3492063492063492,0.5238095238095237,0.009025883860886097,0.007545482832938433
0.3492063492063492,0.5396825396825397,0.009575569070875645,0.013456076383590698
0.3492063492063492,0.5555555555555556,0.005595737136900425,0.0040687988512218
0.3492063492063492,0.5714285714285714,0.005981293506920338,0.005226357374340296
0.3492063492063492,0.5873015873015872,0.007092176005244255,-0.009803228080272675
0.3492063492063492,0.6031746031746031,0.014875571243464947,-0.020687870681285858
0.3492063492063492,0.6190476190476191,0.009321114048361778,-0.01084041502326727
0.3492063492063492,0.6349206349206349,0.01228358969092369,-0.00042759315692819655
0.3492063492063492,0.6507936507936507,0.012858249247074127,0.00912347249686718
0.3492063492063492,0.6666666666666666,0.012529763393104076,0.010576801374554634
0.3492063492063492,0.6825396825396826,0.012478461489081383,0.016116205602884293
0.3492063492063492,0.6984126984126984,0.014632376842200756,0.0207738745957613
0.3492063492063492,0.7142857142857142,0.011331060901284218,0.022165989503264427
0.3492063492063492,0.7301587301587301,0.004669664893299341,0.02082109823822975
0.3492063492063492,0.746031746031746,0.010092160664498806,0.029942501336336136
0.3492063492063492,0.7619047619047619,0.02063404582440853,0.031552936881780624
0.3492063492063492,0.7777777777777777,0.007126031909137964,0.026572279632091522
0.3492063492063492,0.7936507936507936,0.0029248420614749193,0.030028384178876877
0.3492063492063492,0.8095238095238095,0.010418658144772053,0.040093325078487396
0.3492063492063492,0.8253968253968254,0.017252203077077866,0.04254863038659096
0.3492063492063492,0.8412698412698412,0.01880750060081482,0.04141829162836075
0.3492063492063492,0.8571428571428571,0.018681498244404793,0.039924442768096924
0.3492063492063492,0.873015873015873,0.019193271175026894,0.03969433158636093
0.3492063492063492,0.8888888888888888,0.020328572019934654,0.03840840235352516
0.3492063492063492,0.9047619047619047,0.0199999138712883,0.04254661872982979
0.3492063492063492,0.9206349206349206,0.016527673229575157,0.05029343441128731
0.3492063492063492,0.9365079365079365,0.013728322461247444,0.05259247496724129
0.3492063492063492,0.9523809523809523,0.01445787213742733,0.04718979075551033
0.3492063492063492,0.9682539682539681,0.017004387453198433,0.03949538618326187
0.3492063492063492,0.9841269841269841,0.020637480542063713,0.03846455365419388
0.3492063492063492,1.0,0.0171288400888443,0.03717263787984848
0.36507936507936506,0.0,0.01175016537308693,0.00170089618768543
0.36507936507936506,0.015873015873015872,0.008929766714572906,0.012258625589311123
0.36507936507936506,0.031746031746031744,0.005448884796351194,0.02781170792877674
0.36507936507936506,0.047619047619047616,0.002652120543643832,0.04222257807850838
0.36507936507936506,0.06349206349206349,0.002749453764408827,0.04782165586948395
0.36507936507936506,0.07936507936507936,0.003280061297118664,0.04348410293459892
0.36507936507936506,0.09523809523809523,0.004526563920080662,0.037019725888967514
0.36507936507936506,0.1111111111111111,0.0051803491078317165,0.031744584441185
0.36507936507936506,0.12698412698412698,0.005541040096431971,0.02684761956334114
0.36507936507936506,0.14285714285714285,0.006018991582095623,0.018667472526431084
0.36507936507936506,0.15873015873015872,0.003906239289790392,0.019731134176254272
0.36507936507936506,0.1746031746031746,0.002526025753468275,0.019470741972327232
0.36507936507936506,0.19047619047619047,0.0007538716308772564,0.020189469680190086
0.36507936507936506,0.20634920634920634,0.00029374807490967214,0.0214700885117054
0.36507936507936506,0.2222222222222222,-0.00012451724614948034,0.02075403369963169
0.36507936507936506,0.23809523809523808,-0.017590411007404327,0.005238237790763378
0.36507936507936506,0.25396825396825395,-0.020403185859322548,-4.768678536493098e-06
0.36507936507936506,0.2698412698412698,0.007072626147419214,0.0026723684277385473
0.36507936507936506,0.2857142857142857,0.014115648344159126,0.0034004847984761
0.36507936507936506,0.30158730158730157,0.015614832751452923,-0.0006278582732193172
0.36507936507936506,0.31746031746031744,0.015901915729045868,-0.00936095230281353
0.36507936507936506,0.3333333333333333,0.015365418046712875,-0.008834092877805233
0.36507936507936506,0.3492063492063492,0.014895384199917316,-0.006508897989988327
0.36507936507936506,0.36507936507936506,0.013755516149103642,0.001847191248089075
0.36507936507936506,0.38095238095238093,0.012672603130340576,0.012394404038786888
0.36507936507936506,0.3968253968253968,0.00812515988945961,0.011222883127629757
0.36507936507936506,0.4126984126984127,0.014433307573199272,-0.0002839414228219539
0.36507936507936506,0.42857142857142855,0.025698203593492508,0.0007909639389254153
0.36507936507936506,0.4444444444444444,0.01998916082084179,-0.0054151699878275394
0.36507936507936506,0.4603174603174603,0.019261280074715614,0.005505143199115992
0.36507936507936506,0.47619047619047616,0.012446542270481586,0.00933361891657114
0.36507936507936506,0.49206349206349204,0.010529585182666779,0.00589238153770566
0.36507936507936506,0.5079365079365079,0.009767895564436913,0.0039147185161709785
0.36507936507936506,0.5238095238095237,0.008173241280019283,0.009612317197024822
0.36507936507936506,0.5396825396825397,0.008250555023550987,0.011504808440804482
0.36507936507936506,0.5555555555555556,0.006148524582386017,0.004920466337352991
0.36507936507936506,0.5714285714285714,0.0067603206261992455,0.0033338877838104963
0.36507936507936506,0.5873015873015872,0.004244144540280104,-0.014739517122507095
0.36507936507936506,0.6031746031746031,0.012150783091783524,-0.02641759067773819
0.36507936507936506,0.6190476190476191,0.006036656908690929,-0.01544519979506731
0.36507936507936506,0.6349206349206349,0.00949728861451149,-0.0016922855284065008
0.36507936507936506,0.6507936507936507,0.011780675500631332,0.012043762020766735
0.36507936507936506,0.6666666666666666,0.0038632978685200214,0.023790663108229637
0.36507936507936506,0.6825396825396826,0.011217827908694744,0.014428944326937199
0.36507936507936506,0.6984126984126984,0.014249597676098347,0.01972365379333496
0.36507936507936506,0.7142857142857142,0.009681369177997112,0.01885822042822838
0.36507936507936506,0.7301587301587301,0.005206373054534197,0.025394972413778305
0.36507936507936506,0.746031746031746,0.013813469558954239,0.0376385897397995
0.36507936507936506,0.7619047619047619,0.023434503003954887,0.03671823814511299
0.36507936507936506,0.7777777777777777,0.016010738909244537,0.03137844055891037
0.36507936507936506,0.7936507936507936,0.016452105715870857,0.03853215277194977
0.36507936507936506,0.8095238095238095,0.014053723774850368,0.04036470130085945
0.36507936507936506,0.8253968253968254,0.015010980889201164,0.03596171364188194
0.36507936507936506,0.8412698412698412,0.017601020634174347,0.02976827695965767
0.36507936507936506,0.8571428571428571,0.01753222569823265,0.033285122364759445
0.36507936507936506,0.873015873015873,0.016835998743772507,0.0419270396232605
0.36507936507936506,0.8888888888888888,0.016338376328349113,0.04790616035461426
0.36507936507936506,0.9047619047619047,0.0167295653373003,0.04784580320119858
0.36507936507936506,0.9206349206349206,0.01723354496061802,0.049009110778570175
0.36507936507936506,0.9365079365079365,0.014920931309461594,0.049446918070316315
0.36507936507936506,0.9523809523809523,0.01479959487915039,0.04461327940225601
0.36507936507936506,0.9682539682539681,0.017486199736595154,0.03529465198516846
0.36507936507936506,0.9841269841269841,0.019052455201745033,0.026568900793790817
0.36507936507936506,1.0,0.018332138657569885,0.02618471533060074
0.38095238095238093,0.0,0.012769347988069057,-0.0064510200172662735
0.38095238095238093,0.015873015873015872,0.00850004144012928,0.0070785037241876125
0.38095238095238093,0.031746031746031744,0.0058221532963216305,0.026048801839351654
0.38095238095238093,0.047619047619047616,0.004337100312113762,0.04043775796890259
0.38095238095238093,0.06349206349206349,0.004747377708554268,0.048844028264284134
0.38095238095238093,0.07936507936507936,0.004693096503615379,0.04326803609728813
0.38095238095238093,0.09523809523809523,0.0056051211431622505,0.036433927714824677
0.38095238095238093,0.1111111111111111,0.006246698554605246,0.02740701287984848
0.38095238095238093,0.12698412698412698,0.0069529046304523945,0.023123614490032196
0.38095238095238093,0.14285714285714285,0.006151136942207813,0.017267651855945587
0.38095238095238093,0.15873015873015872,0.005341901443898678,0.011777030304074287
0.38095238095238093,0.1746031746031746,0.002624612068757415,0.01180342584848404
0.38095238095238093,0.19047619047619047,0.0005760718486271799,0.019325483590364456
0.38095238095238093,0.20634920634920634,0.0011559705017134547,0.018142597749829292
0.38095238095238093,0.2222222222222222,-0.0005666188662871718,0.01866239681839943
0.38095238095238093,0.23809523809523808,-0.014780922792851925,0.011552154086530209
0.38095238095238093,0.25396825396825395,-0.02325972355902195,-0.019680961966514587
0.38095238095238093,0.2698412698412698,-0.010380640625953674,0.00034228002186864614
0.38095238095238093,0.2857142857142857,0.012306169606745243,0.0005252980627119541
0.38095238095238093,0.30158730158730157,0.016804875805974007,-0.004567806143313646
0.38095238095238093,0.31746031746031744,0.017439236864447594,-0.00884423591196537
0.38095238095238093,0.3333333333333333,0.017786195501685143,-0.010834852233529091
0.38095238095238093,0.3492063492063492,0.017070122063159943,-0.008683065883815289
0.38095238095238093,0.36507936507936506,0.01353267952799797,0.0016055172309279442
0.38095238095238093,0.38095238095238093,0.008227243088185787,0.010725170373916626
0.38095238095238093,0.3968253968253968,0.013048567809164524,0.017043303698301315
0.38095238095238093,0.4126984126984127,0.014238129369914532,0.012892390601336956
0.38095238095238093,0.42857142857142855,0.021934397518634796,0.0054751550778746605
0.38095238095238093,0.4444444444444444,0.02042822167277336,-0.004681182559579611
0.38095238095238093,0.4603174603174603,0.020587127655744553,0.010060410015285015
0.38095238095238093,0.47619047619047616,0.01467574667185545,0.013198964297771454
0.38095238095238093,0.49206349206349204,0.011826164089143276,0.00846678577363491
0.38095238095238093,0.5079365079365079,0.012552971951663494,0.00537051260471344
0.38095238095238093,0.5238095238095237,0.009936131536960602,0.005885197315365076
0.38095238095238093,0.5396825396825397,0.008966575376689434,0.008067162707448006
0.38095238095238093,0.5555555555555556,0.00684105372056365,0.0045006172731518745
0.38095238095238093,0.5714285714285714,0.00584716722369194,-0.001972920261323452
0.38095238095238093,0.5873015873015872,0.0029517223592847586,-0.01925361342728138
0.38095238095238093,0.6031746031746031,0.00402121851220727,-0.019575374200940132
0.38095238095238093,0.6190476190476191,0.005237011704593897,-0.014514719136059284
0.38095238095238093,0.6349206349206349,0.009744277223944664,0.0002516661479603499
0.38095238095238093,0.6507936507936507,0.014009786769747734,0.014353400096297264
0.38095238095238093,0.6666666666666666,0.005357831716537476,0.03175005689263344
0.38095238095238093,0.6825396825396826,0.0068737720139324665,0.02586214244365692
0.38095238095238093,0.6984126984126984,0.012546117417514324,0.02120482362806797
0.38095238095238093,0.7142857142857142,0.010112836956977844,0.021944863721728325
0.38095238095238093,0.7301587301587301,0.007400374859571457,0.02788371965289116
0.38095238095238093,0.746031746031746,0.015469388104975224,0.03752877563238144
0.38095238095238093,0.7619047619047619,0.020246388390660286,0.04090799018740654
0.38095238095238093,0.7777777777777777,0.015031336806714535,0.03981402888894081
0.38095238095238093,0.7936507936507936,0.012114069424569607,0.04202864691615105
0.38095238095238093,0.8095238095238095,0.01336756907403469,0.03817922994494438
0.38095238095238093,0.8253968253968254,0.016838163137435913,0.03064197674393654
0.38095238095238093,0.8412698412698412,0.018436120823025703,0.02568121999502182
0.38095238095238093,0.8571428571428571,0.01847485639154911,0.031861912459135056
0.38095238095238093,0.873015873015873,0.01785622537136078,0.03968925401568413
0.38095238095238093,0.8888888888888888,0.017801910638809204,0.04685170203447342
0.38095238095238093,0.9047619047619047,0.017855174839496613,0.04796203598380089
0.38095238095238093,0.9206349206349206,0.01935172639787197,0.04886120185256004
0.38095238095238093,0.9365079365079365,0.019276518374681473,0.04655499383807182
0.38095238095238093,0.9523809523809523,0.01835104264318943,0.03925022482872009
0.38095238095238093,0.9682539682539681,0.01943233609199524,0.028972841799259186
0.38095238095238093,0.9841269841269841,0.021813005208969116,0.020053422078490257
0.38095238095238093,1.0,0.02179998904466629,0.01803046651184559
0.3968253968253968,0.0,0.013022752478718758,-0.005379988346248865
0.3968253968253968,0.015873015873015872,0.009825397282838821,0.008081861771643162
0.3968253968253968,0.031746031746031744,0.006960174068808556,0.026344560086727142
0.3968253968253968,0.047619047619047616,0.005551632959395647,0.04248819500207901
0.3968253968253968,0.06349206349206349,0.005285302642732859,0.047429170459508896
0.3968253968253968,0.07936507936507936,0.005284464452415705,0.0467369370162487
0.3968253968253968,0.09523809523809523,0.00900702178478241,0.03822929784655571
0.3968253968253968,0.1111111111111111,0.0113427909091115,0.02624463476240635
0.3968253968253968,0.12698412698412698,0.011467666365206242,0.016657106578350067
0.3968253968253968,0.14285714285714285,0.010378286242485046,0.012760227546095848
0.3968253968253968,0.15873015873015872,0.007956383749842644,0.009795241057872772
0.3968253968253968,0.1746031746031746,0.0047350297681987286,0.013946200720965862
0.3968253968253968,0.19047619047619047,0.0019813424441963434,0.018800320103764534
0.3968253968253968,0.20634920634920634,0.0005068767932243645,0.0155254527926445
0.3968253968253968,0.2222222222222222,-0.0025638870429247618,0.02047373354434967
0.3968253968253968,0.23809523809523808,-0.006053231190890074,0.025800233706831932
0.3968253968253968,0.25396825396825395,-0.021074745804071426,0.008237484842538834
0.3968253968253968,0.2698412698412698,-0.0030646510422229767,0.01110569853335619
0.3968253968253968,0.2857142857142857,0.010802891105413437,0.0057858070358633995
0.3968253968253968,0.30158730158730157,0.014982707798480988,-0.0010646822629496455
0.3968253968253968,0.31746031746031744,0.01710253208875656,-0.00712102884426713
0.3968253968253968,0.3333333333333333,0.017185334116220474,-0.009349578060209751
0.3968253968253968,0.3492063492063492,0.016129828989505768,-0.0060561224818229675
0.3968253968253968,0.36507936507936506,0.011622132733464241,0.003920599352568388
0.3968253968253968,0.38095238095238093,0.005200006999075413,0.014351255260407925
0.3968253968253968,0.3968253968253968,0.008846919983625412,0.024347396567463875
0.3968253968253968,0.4126984126984127,0.018895937129855156,0.021823221817612648
0.3968253968253968,0.42857142857142855,0.013748507015407085,0.015357713215053082
0.3968253968253968,0.4444444444444444,0.0163587499409914,0.006795837078243494
0.3968253968253968,0.4603174603174603,0.01622348092496395,0.019956082105636597
0.3968253968253968,0.47619047619047616,0.014004591852426529,0.021966686472296715
0.3968253968253968,0.49206349206349204,0.013351554051041603,0.014206871390342712
0.3968253968253968,0.5079365079365079,0.014295864850282669,0.008272414095699787
0.3968253968253968,0.5238095238095237,0.01265736110508442,0.0036422370467334986
0.3968253968253968,0.5396825396825397,0.01201564446091652,0.004734423942863941
0.3968253968253968,0.5555555555555556,0.009511872194707394,0.002919138176366687
0.3968253968253968,0.5714285714285714,0.006910713389515877,-0.0036294322926551104
0.3968253968253968,0.5873015873015872,0.001302256598137319,-0.013889129273593426
0.3968253968253968,0.6031746031746031,0.0018947988282889128,-0.012558258138597012
0.3968253968253968,0.6190476190476191,0.004439472686499357,-0.009428363293409348
0.3968253968253968,0.6349206349206349,0.01028309017419815,0.0010625652503222227
0.3968253968253968,0.6507936507936507,0.014293327927589417,0.01540437713265419
0.3968253968253968,0.6666666666666666,0.008641468361020088,0.02903156541287899
0.3968253968253968,0.6825396825396826,0.013958019204437733,0.015444492921233177
0.3968253968253968,0.6984126984126984,0.011647051200270653,0.022981757298111916
0.3968253968253968,0.7142857142857142,0.007551210466772318,0.03376241773366928
0.3968253968253968,0.7301587301587301,0.004268023185431957,0.03772126883268356
0.3968253968253968,0.746031746031746,0.010535366833209991,0.047399524599313736
0.3968253968253968,0.7619047619047619,0.012055705301463604,0.04692137613892555
0.3968253968253968,0.7777777777777777,0.010772299952805042,0.04916830360889435
0.3968253968253968,0.7936507936507936,0.013674072921276093,0.04604595527052879
0.3968253968253968,0.8095238095238095,0.014776776544749737,0.039451420307159424
0.3968253968253968,0.8253968253968254,0.018222622573375702,0.03104201890528202
0.3968253968253968,0.8412698412698412,0.01998378336429596,0.025383619591593742
0.3968253968253968,0.8571428571428571,0.01773768663406372,0.03307735547423363
0.3968253968253968,0.873015873015873,0.01807187870144844,0.039736222475767136
0.3968253968253968,0.8888888888888888,0.019070090726017952,0.04500928521156311
0.3968253968253968,0.9047619047619047,0.018961291760206223,0.046988941729068756
0.3968253968253968,0.9206349206349206,0.01987941563129425,0.0473751462996006
0.3968253968253968,0.9365079365079365,0.022477557882666588,0.043953556567430496
0.3968253968253968,0.9523809523809523,0.023630216717720032,0.03497987240552902
0.3968253968253968,0.9682539682539681,0.025818075984716415,0.02476090006530285
0.3968253968253968,0.9841269841269841,0.02712392620742321,0.015399801544845104
0.3968253968253968,1.0,0.025037454441189766,0.015416470356285572
0.4126984126984127,0.0,0.013025837950408459,-0.0023796914611011744
0.4126984126984127,0.015873015873015872,0.008676175028085709,0.011412997730076313
0.4126984126984127,0.031746031746031744,0.00555592542514205,0.02886997163295746
0.4126984126984127,0.047619047619047616,0.004462538752704859,0.04411168396472931
0.4126984126984127,0.06349206349206349,0.0030845494475215673,0.05401640012860298
0.4126984126984127,0.07936507936507936,0.0036772394087165594,0.05400749668478966
0.4126984126984127,0.09523809523809523,0.0070700920186936855,0.04246781766414642
0.4126984126984127,0.1111111111111111,0.012100684456527233,0.02537248097360134
0.4126984126984127,0.12698412698412698,0.01217647735029459,0.0157580878585577
0.4126984126984127,0.14285714285714285,0.010659808292984962,0.012276504188776016
0.4126984126984127,0.15873015873015872,0.008622230030596256,0.011870595626533031
0.4126984126984127,0.1746031746031746,0.0050908662378787994,0.01664070412516594
0.4126984126984127,0.19047619047619047,0.0025455711875110865,0.020808875560760498
0.4126984126984127,0.20634920634920634,-0.0005712059210054576,0.021683435887098312
0.4126984126984127,0.2222222222222222,-0.003841337515041232,0.025947336107492447
0.4126984126984127,0.23809523809523808,-0.006062602158635855,0.029951047152280807
0.4126984126984127,0.25396825396825395,-0.010187100619077682,0.024671398103237152
0.4126984126984127,0.2698412698412698,0.0020202219020575285,0.021702101454138756
0.4126984126984127,0.2857142857142857,0.004657929763197899,0.012796067632734776
0.4126984126984127,0.30158730158730157,0.011128457263112068,0.006451691035181284
0.4126984126984127,0.31746031746031744,0.01358073577284813,-0.0014753054128959775
0.4126984126984127,0.3333333333333333,0.014847716316580772,-0.005168604198843241
0.4126984126984127,0.3492063492063492,0.015036206692457199,-0.0035013940650969744
0.4126984126984127,0.36507936507936506,0.011800898239016533,0.00658039003610611
0.4126984126984127,0.38095238095238093,0.004576082341372967,0.017563657835125923
0.4126984126984127,0.3968253968253968,0.00627907644957304,0.030584879219532013
0.4126984126984127,0.4126984126984127,0.012980007566511631,0.030270138755440712
0.4126984126984127,0.42857142857142855,0.008017483167350292,0.025566590949892998
0.4126984126984127,0.4444444444444444,0.010685869492590427,0.018236784264445305
0.4126984126984127,0.4603174603174603,0.012132487259805202,0.028626838698983192
0.4126984126984127,0.47619047619047616,0.011592764407396317,0.029191959649324417
0.4126984126984127,0.49206349206349204,0.01039787009358406,0.020133571699261665
0.4126984126984127,0.5079365079365079,0.010076317004859447,0.014475641772150993
0.4126984126984127,0.5238095238095237,0.011535199359059334,0.010106831789016724
0.4126984126984127,0.5396825396825397,0.011847144924104214,0.007351557724177837
0.4126984126984127,0.5555555555555556,0.010175707750022411,0.00563126802444458
0.4126984126984127,0.5714285714285714,0.005907281767576933,0.0017478783847764134
0.4126984126984127,0.5873015873015872,0.000716644455678761,-0.0011467670556157827
0.4126984126984127,0.6031746031746031,0.0003505851491354406,-0.0010394742712378502
0.4126984126984127,0.6190476190476191,0.0036552203819155693,0.0006181018543429673
0.4126984126984127,0.6349206349206349,0.009547293186187744,0.006027748808264732
0.4126984126984127,0.6507936507936507,0.014122880063951015,0.017581762745976448
0.4126984126984127,0.6666666666666666,0.014852909371256828,0.018713492900133133
0.4126984126984127,0.6825396825396826,0.013374152593314648,0.019832350313663483
0.4126984126984127,0.6984126984126984,0.012268222868442535,0.026773318648338318
0.4126984126984127,0.7142857142857142,0.007329058367758989,0.041542261838912964
0.4126984126984127,0.7301587301587301,0.0027757645584642887,0.04622313752770424
0.4126984126984127,0.746031746031746,0.005038732197135687,0.05284316465258598
0.4126984126984127,0.7619047619047619,0.008389146998524666,0.053677961230278015
0.4126984126984127,0.7777777777777777,0.010438692755997181,0.05278728902339935
0.4126984126984127,0.7936507936507936,0.012660793028771877,0.047294627875089645
0.4126984126984127,0.8095238095238095,0.014193829149007797,0.040189698338508606
0.4126984126984127,0.8253968253968254,0.017938917502760887,0.031644307076931
0.4126984126984127,0.8412698412698412,0.019542789086699486,0.02771146036684513
0.4126984126984127,0.8571428571428571,0.01678692176938057,0.034446198493242264
0.4126984126984127,0.873015873015873,0.017206968739628792,0.04100560396909714
0.4126984126984127,0.8888888888888888,0.018259713426232338,0.04562826082110405
0.4126984126984127,0.9047619047619047,0.018480142578482628,0.047937117516994476
0.4126984126984127,0.9206349206349206,0.019168376922607422,0.04970241338014603
0.4126984126984127,0.9365079365079365,0.020380763337016106,0.04502371698617935
0.4126984126984127,0.9523809523809523,0.02250443585216999,0.03494647517800331
0.4126984126984127,0.9682539682539681,0.025449063628911972,0.02454935573041439
0.4126984126984127,0.9841269841269841,0.02753956988453865,0.017176317051053047
0.4126984126984127,1.0,0.026548972353339195,0.017189806327223778
0.42857142857142855,0.0,0.009167137555778027,0.002449048450216651
0.42857142857142855,0.015873015873015872,0.006115134339779615,0.01494983583688736
0.42857142857142855,0.031746031746031744,0.003768345108255744,0.03051704913377762
0.42857142857142855,0.047619047619047616,0.0035042273811995983,0.04382573813199997
0.42857142857142855,0.06349206349206349,0.0016966769471764565,0.05433801934123039
0.42857142857142855,0.07936507936507936,0.002254852559417486,0.05459878221154213
0.42857142857142855,0.09523809523809523,0.005771342199295759,0.04270946606993675
0.42857142857142855,0.1111111111111111,0.010553383268415928,0.025827189907431602
0.42857142857142855,0.12698412698412698,0.011198529042303562,0.01612596958875656
0.42857142857142855,0.14285714285714285,0.009171223267912865,0.013897542841732502
0.42857142857142855,0.15873015873015872,0.006466700229793787,0.014937647618353367
0.42857142857142855,0.1746031746031746,0.0026586593594402075,0.018956026062369347
0.42857142857142855,0.19047619047619047,0.00036626364453695714,0.021852528676390648
0.42857142857142855,0.20634920634920634,-0.0021910297218710184,0.02541828714311123
0.42857142857142855,0.2222222222222222,-0.0050029573030769825,0.028505848720669746
0.42857142857142855,0.23809523809523808,-0.006184389814734459,0.031891051679849625
0.42857142857142855,0.25396825396825395,-0.005207355134189129,0.027005353942513466
0.42857142857142855,0.2698412698412698,0.0016847810475155711,0.027071908116340637
0.42857142857142855,0.2857142857142857,0.0016991771990433335,0.019692322239279747
0.42857142857142855,0.30158730158730157,0.007793197873979807,0.010193999856710434
0.42857142857142855,0.31746031746031744,0.010252795182168484,0.0021451739594340324
0.42857142857142855,0.3333333333333333,0.012012437917292118,-0.0016322435112670064
0.42857142857142855,0.3492063492063492,0.011899671517312527,-0.00021108667715452611
0.42857142857142855,0.36507936507936506,0.00913169514387846,0.0088358074426651
0.42857142857142855,0.38095238095238093,0.0035119897220283747,0.02341645210981369
0.42857142857142855,0.3968253968253968,0.006408241111785173,0.035011403262615204
0.42857142857142855,0.4126984126984127,0.010516117326915264,0.03276380896568298
0.42857142857142855,0.42857142857142855,0.0057666851207613945,0.035128768533468246
0.42857142857142855,0.4444444444444444,0.00902381632477045,0.033428192138671875
0.42857142857142855,0.4603174603174603,0.010727548971772194,0.036868467926979065
0.42857142857142855,0.47619047619047616,0.008409025147557259,0.03456908464431763
0.42857142857142855,0.49206349206349204,0.006194369867444038,0.026807023212313652
0.42857142857142855,0.5079365079365079,0.006469251587986946,0.02007373794913292
0.42857142857142855,0.5238095238095237,0.009427450597286224,0.014788673259317875
0.42857142857142855,0.5396825396825397,0.011860367842018604,0.01378936693072319
0.42857142857142855,0.5555555555555556,0.009320269338786602,0.00944310799241066
0.42857142857142855,0.5714285714285714,0.0046842508018016815,0.007015485782176256
0.42857142857142855,0.5873015873015872,0.0026344889774918556,0.009362752549350262
0.42857142857142855,0.6031746031746031,0.003338790964335203,0.009336098097264767
0.42857142857142855,0.6190476190476191,0.00467200530692935,0.005661715753376484
0.42857142857142855,0.6349206349206349,0.00814140122383833,0.00868806429207325
0.42857142857142855,0.6507936507936507,0.013611902482807636,0.017179317772388458
0.42857142857142855,0.6666666666666666,0.01426879782229662,0.020011432468891144
0.42857142857142855,0.6825396825396826,0.013363479636609554,0.024382617324590683
0.42857142857142855,0.6984126984126984,0.01254868321120739,0.028954502195119858
0.42857142857142855,0.7142857142857142,0.007549567148089409,0.04190140962600708
0.42857142857142855,0.7301587301587301,0.00251750648021698,0.046696268022060394
0.42857142857142855,0.746031746031746,0.005836606025695801,0.052594028413295746
0.42857142857142855,0.7619047619047619,0.008497437462210655,0.05544779822230339
0.42857142857142855,0.7777777777777777,0.010006130672991276,0.05053163692355156
0.42857142857142855,0.7936507936507936,0.01206935290247202,0.04228895902633667
0.42857142857142855,0.8095238095238095,0.013407086953520775,0.036921579390764236
0.42857142857142855,0.8253968253968254,0.015932882204651833,0.03155054897069931
0.42857142857142855,0.8412698412698412,0.017274148762226105,0.02916373498737812
0.42857142857142855,0.8571428571428571,0.015938885509967804,0.035181839019060135
0.42857142857142855,0.873015873015873,0.01777513511478901,0.04033144935965538
0.42857142857142855,0.8888888888888888,0.018796373158693314,0.04410791024565697
0.42857142857142855,0.9047619047619047,0.018828872591257095,0.04635297507047653
0.42857142857142855,0.9206349206349206,0.018226390704512596,0.048735857009887695
0.42857142857142855,0.9365079365079365,0.01745614968240261,0.04483854025602341
0.42857142857142855,0.9523809523809523,0.019023427739739418,0.03695397078990936
0.42857142857142855,0.9682539682539681,0.021162046119570732,0.0297828558832407
0.42857142857142855,0.9841269841269841,0.02369946800172329,0.023198075592517853
0.42857142857142855,1.0,0.023506756871938705,0.02226303704082966
0.4444444444444444,0.0,0.0052782525308430195,0.0019578770734369755
0.4444444444444444,0.015873015873015872,0.0031771587673574686,0.012497934512794018
0.4444444444444444,0.031746031746031744,0.001848049578256905,0.02637380175292492
0.4444444444444444,0.047619047619047616,0.002104990417137742,0.038419462740421295
0.4444444444444444,0.06349206349206349,0.0016846401849761605,0.046549294143915176
0.4444444444444444,0.07936507936507936,0.0013861176557838917,0.04909782484173775
0.4444444444444444,0.09523809523809523,0.0036452324129641056,0.040337711572647095
0.4444444444444444,0.1111111111111111,0.008958416059613228,0.023872021585702896
0.4444444444444444,0.12698412698412698,0.009272434748709202,0.014815033413469791
0.4444444444444444,0.14285714285714285,0.0065148500725626945,0.013488991186022758
0.4444444444444444,0.15873015873015872,0.0028897186275571585,0.014210780151188374
0.4444444444444444,0.1746031746031746,-0.0008249912643805146,0.017514390870928764
0.4444444444444444,0.19047619047619047,-0.002943972125649452,0.01944952830672264
0.4444444444444444,0.20634920634920634,-0.002889827126637101,0.019319823011755943
0.4444444444444444,0.2222222222222222,-0.005450642202049494,0.02768552117049694
0.4444444444444444,0.23809523809523808,-0.0095833083614707,0.032755348831415176
0.4444444444444444,0.25396825396825395,0.003049116348847747,0.024845607578754425
0.4444444444444444,0.2698412698412698,0.0048373667523264885,0.02254072204232216
0.4444444444444444,0.2857142857142857,0.0029678239952772856,0.02020776830613613
0.4444444444444444,0.30158730158730157,0.00740294111892581,0.007856858894228935
0.4444444444444444,0.31746031746031744,0.010629185475409031,-0.0010967808775603771
0.4444444444444444,0.3333333333333333,0.01204193476587534,-0.004811664577573538
0.4444444444444444,0.3492063492063492,0.011697550304234028,-0.0028599929064512253
0.4444444444444444,0.36507936507936506,0.007466953247785568,0.00871124304831028
0.4444444444444444,0.38095238095238093,0.005423686001449823,0.0251503624022007
0.4444444444444444,0.3968253968253968,0.005629055667668581,0.032758887857198715
0.4444444444444444,0.4126984126984127,0.013022718951106071,0.03386987745761871
0.4444444444444444,0.42857142857142855,0.007590575143694878,0.04064911976456642
0.4444444444444444,0.4444444444444444,0.009748556651175022,0.037466008216142654
0.4444444444444444,0.4603174603174603,0.010256411507725716,0.0370112769305706
0.4444444444444444,0.47619047619047616,0.007390093058347702,0.03450922295451164
0.4444444444444444,0.49206349206349204,0.005736833903938532,0.02716059982776642
0.4444444444444444,0.5079365079365079,0.006374313961714506,0.01944369077682495
0.4444444444444444,0.5238095238095237,0.008653992787003517,0.013725737109780312
0.4444444444444444,0.5396825396825397,0.012297983281314373,0.014373023994266987
0.4444444444444444,0.5555555555555556,0.006041760090738535,0.007353160064667463
0.4444444444444444,0.5714285714285714,0.002803647890686989,0.005245702341198921
0.4444444444444444,0.5873015873015872,0.005699013359844685,0.013702480122447014
0.4444444444444444,0.6031746031746031,0.007134357932955027,0.015020419843494892
0.4444444444444444,0.6190476190476191,0.007270006462931633,0.007331449072808027
0.4444444444444444,0.6349206349206349,0.0073371161706745625,0.007732375990599394
0.4444444444444444,0.6507936507936507,0.011197424493730068,0.01294585969299078
0.4444444444444444,0.6666666666666666,0.013570738956332207,0.015918998047709465
0.4444444444444444,0.6825396825396826,0.01288729626685381,0.021066464483737946
0.4444444444444444,0.6984126984126984,0.011562894098460674,0.026927970349788666
0.4444444444444444,0.7142857142857142,0.007687080185860395,0.03575005754828453
0.4444444444444444,0.7301587301587301,0.002613128162920475,0.03759853169322014
0.4444444444444444,0.746031746031746,0.00693248026072979,0.04917366802692413
0.4444444444444444,0.7619047619047619,0.008094992488622665,0.0486273430287838
0.4444444444444444,0.7777777777777777,0.008826871402561665,0.042404621839523315
0.4444444444444444,0.7936507936507936,0.011789469048380852,0.03441498428583145
0.4444444444444444,0.8095238095238095,0.013843127526342869,0.02889236994087696
0.4444444444444444,0.8253968253968254,0.015614851377904415,0.026057744398713112
0.4444444444444444,0.8412698412698412,0.016688523814082146,0.025858784094452858
0.4444444444444444,0.8571428571428571,0.01707596704363823,0.0323333814740181
0.4444444444444444,0.873015873015873,0.01936289854347706,0.03725937753915787
0.4444444444444444,0.8888888888888888,0.020596420392394066,0.039958320558071136
0.4444444444444444,0.9047619047619047,0.02009831741452217,0.04179990664124489
0.4444444444444444,0.9206349206349206,0.019601117819547653,0.04311570152640343
0.4444444444444444,0.9365079365079365,0.018144384026527405,0.04000842571258545
0.4444444444444444,0.9523809523809523,0.018180670216679573,0.035016413778066635
0.4444444444444444,0.9682539682539681,0.018432768061757088,0.03089907020330429
0.4444444444444444,0.9841269841269841,0.01957029290497303,0.02725302428007126
0.4444444444444444,1.0,0.01957840844988823,0.025967596098780632
0.4603174603174603,0.0,0.00046676184865646064,-0.002110200235620141
0.4603174603174603,0.015873015873015872,-0.0015384036814793944,0.008034332655370235
0.4603174603174603,0.031746031746031744,-0.00331082078628242,0.02202812023460865
0.4603174603174603,0.047619047619047616,-0.0033868281170725822,0.0338587649166584
0.4603174603174603,0.06349206349206349,-0.003099797060713172,0.04109209403395653
0.4603174603174603,0.07936507936507936,-0.003140256507322192,0.042910944670438766
0.4603174603174603,0.09523809523809523,-0.0007571179885417223,0.03582457825541496
0.4603174603174603,0.1111111111111111,0.0034505215007811785,0.02187543734908104
0.4603174603174603,0.12698412698412698,0.004512503743171692,0.012958677485585213
0.4603174603174603,0.14285714285714285,0.002055652206763625,0.010890280827879906
0.4603174603174603,0.15873015873015872,-0.0005270788096822798,0.010055167600512505
0.4603174603174603,0.1746031746031746,-0.003507626708596945,0.012711556628346443
0.4603174603174603,0.19047619047619047,-0.006205632817000151,0.015493161045014858
0.4603174603174603,0.20634920634920634,-0.005453885532915592,0.01614958606660366
0.4603174603174603,0.2222222222222222,-0.007527085952460766,0.021931182593107224
0.4603174603174603,0.23809523809523808,-0.007926317863166332,0.02391740307211876
0.4603174603174603,0.25396825396825395,0.0024367445148527622,0.014723263680934906
0.4603174603174603,0.2698412698412698,0.0033847533632069826,0.013137311674654484
0.4603174603174603,0.2857142857142857,0.004194328095763922,0.010271529667079449
0.4603174603174603,0.30158730158730157,0.009741954505443573,-0.003070467384532094
0.4603174603174603,0.31746031746031744,0.010720865800976753,-0.009566505439579487
0.4603174603174603,0.3333333333333333,0.01225376222282648,-0.013542712666094303
0.4603174603174603,0.3492063492063492,0.01243984792381525,-0.012100772000849247
0.4603174603174603,0.36507936507936506,0.007853318005800247,0.002362684113904834
0.4603174603174603,0.38095238095238093,0.0054979813285171986,0.01952485926449299
0.4603174603174603,0.3968253968253968,0.005017860326915979,0.027722185477614403
0.4603174603174603,0.4126984126984127,0.012560205534100533,0.027329981327056885
0.4603174603174603,0.42857142857142855,0.007872051559388638,0.034439507871866226
0.4603174603174603,0.4444444444444444,0.009564417414367199,0.029908878728747368
0.4603174603174603,0.4603174603174603,0.009876943193376064,0.030840476974844933
0.4603174603174603,0.47619047619047616,0.006959498859941959,0.02748582884669304
0.4603174603174603,0.49206349206349204,0.004599602892994881,0.019960757344961166
0.4603174603174603,0.5079365079365079,0.004248607438057661,0.013578555546700954
0.4603174603174603,0.5238095238095237,0.005044366233050823,0.011230288073420525
0.4603174603174603,0.5396825396825397,0.00679792882874608,0.01354122068732977
0.4603174603174603,0.5555555555555556,0.001649203128181398,0.006445755250751972
0.4603174603174603,0.5714285714285714,0.0010432032868266106,0.0036828676238656044
0.4603174603174603,0.5873015873015872,0.006341919768601656,0.013298379257321358
0.4603174603174603,0.6031746031746031,0.00764608895406127,0.021709846332669258
0.4603174603174603,0.6190476190476191,0.006891260854899883,0.013115528970956802
0.4603174603174603,0.6349206349206349,0.006700463593006134,0.011135553941130638
0.4603174603174603,0.6507936507936507,0.007732061203569174,0.00894275214523077
0.4603174603174603,0.6666666666666666,0.011039701290428638,0.009538885205984116
0.4603174603174603,0.6825396825396826,0.011092782020568848,0.014878138899803162
0.4603174603174603,0.6984126984126984,0.00876534078270197,0.022383732721209526
0.4603174603174603,0.7142857142857142,0.005937973968684673,0.02289172261953354
0.4603174603174603,0.7301587301587301,0.004585676826536655,0.02578531950712204
0.4603174603174603,0.746031746031746,0.009583848528563976,0.039043787866830826
0.4603174603174603,0.7619047619047619,0.007876364514231682,0.037601370364427567
0.4603174603174603,0.7777777777777777,0.006587405689060688,0.033613137900829315
0.4603174603174603,0.7936507936507936,0.008545086719095707,0.028424816206097603
0.4603174603174603,0.8095238095238095,0.010970793664455414,0.023227130994200706
0.4603174603174603,0.8253968253968254,0.013130311854183674,0.01983688957989216
0.4603174603174603,0.8412698412698412,0.014837722294032574,0.019260020926594734
0.4603174603174603,0.8571428571428571,0.015776721760630608,0.026974717155098915
0.4603174603174603,0.873015873015873,0.01860046200454235,0.03410235047340393
0.4603174603174603,0.8888888888888888,0.019024251028895378,0.03741097450256348
0.4603174603174603,0.9047619047619047,0.01823224499821663,0.03808731213212013
0.4603174603174603,0.9206349206349206,0.017811615020036697,0.037732239812612534
0.4603174603174603,0.9365079365079365,0.016815025359392166,0.034559670835733414
0.4603174603174603,0.9523809523809523,0.016681581735610962,0.0321844145655632
0.4603174603174603,0.9682539682539681,0.015784122049808502,0.029919946566224098
0.4603174603174603,0.9841269841269841,0.015950338914990425,0.026577377691864967
0.4603174603174603,1.0,0.015435157343745232,0.024814577773213387
0.47619047619047616,0.0,-0.005076051689684391,-0.006513157393783331
0.47619047619047616,0.015873015873015872,-0.007560820318758488,0.0041000572964549065
0.47619047619047616,0.031746031746031744,-0.010357076302170753,0.018338285386562347
0.47619047619047616,0.047619047619047616,-0.009180832654237747,0.02932235412299633
0.47619047619047616,0.06349206349206349,-0.007740935776382685,0.036096710711717606
0.47619047619047616,0.07936507936507936,-0.006313563324511051,0.03588956594467163
0.47619047619047616,0.09523809523809523,-0.005088220816105604,0.02885487861931324
0.47619047619047616,0.1111111111111111,-0.003003670834004879,0.017488110810518265
0.47619047619047616,0.12698412698412698,-0.002929576439782977,0.011224726215004921
0.47619047619047616,0.14285714285714285,-0.0034706732258200645,0.00903282780200243
0.47619047619047616,0.15873015873015872,-0.003829039866104722,0.006635783240199089
0.47619047619047616,0.1746031746031746,-0.006369021255522966,0.00884335022419691
0.47619047619047616,0.19047619047619047,-0.00985147338360548,0.011615647934377193
0.47619047619047616,0.20634920634920634,-0.010163542814552784,0.01413564383983612
0.47619047619047616,0.2222222222222222,-0.008272586390376091,0.011937505565583706
0.47619047619047616,0.23809523809523808,-0.007042682264000177,0.011248250491917133
0.47619047619047616,0.25396825396825395,0.0002879321400541812,-0.0010411613620817661
0.47619047619047616,0.2698412698412698,0.002847043564543128,-0.006094971671700478
0.47619047619047616,0.2857142857142857,0.004440025892108679,-0.006848715711385012
0.47619047619047616,0.30158730158730157,0.00654993811622262,-0.01038682833313942
0.47619047619047616,0.31746031746031744,0.005950336344540119,-0.013481195084750652
0.47619047619047616,0.3333333333333333,0.007348647341132164,-0.015450356528162956
0.47619047619047616,0.3492063492063492,0.007268124260008335,-0.014176998287439346
0.47619047619047616,0.36507936507936506,0.005705295596271753,-0.0033931818325072527
0.47619047619047616,0.38095238095238093,0.004929371178150177,0.010220872238278389
0.47619047619047616,0.3968253968253968,0.004233172629028559,0.018652690574526787
0.47619047619047616,0.4126984126984127,0.009146825410425663,0.01900811679661274
0.47619047619047616,0.42857142857142855,0.007317562587559223,0.021239805966615677
0.47619047619047616,0.4444444444444444,0.008138813078403473,0.019677849486470222
0.47619047619047616,0.4603174603174603,0.007509606424719095,0.02329392172396183
0.47619047619047616,0.47619047619047616,0.0032321694307029247,0.020297732204198837
0.47619047619047616,0.49206349206349204,-0.0006760613177902997,0.01500654499977827
0.47619047619047616,0.5079365079365079,-0.0021089836955070496,0.01135742012411356
0.47619047619047616,0.5238095238095237,-0.0017614229582250118,0.011414578184485435
0.47619047619047616,0.5396825396825397,0.0004253102233633399,0.012661425396800041
0.47619047619047616,0.5555555555555556,-0.0026658542919903994,0.006298732943832874
0.47619047619047616,0.5714285714285714,-0.0012813553912565112,0.0059703136794269085
0.47619047619047616,0.5873015873015872,0.005996111314743757,0.009632240980863571
0.47619047619047616,0.6031746031746031,0.009274188429117203,0.014871927909553051
0.47619047619047616,0.6190476190476191,0.0070735737681388855,0.01146045234054327
0.47619047619047616,0.6349206349206349,0.0062255715020000935,0.009770178236067295
0.47619047619047616,0.6507936507936507,0.007072871085256338,0.00493848230689764
0.47619047619047616,0.6666666666666666,0.009192942641675472,0.0031334615778177977
0.47619047619047616,0.6825396825396826,0.008455030620098114,0.009192392230033875
0.47619047619047616,0.6984126984126984,0.007093661930412054,0.01102119218558073
0.47619047619047616,0.7142857142857142,0.004025615286082029,0.010855784639716148
0.47619047619047616,0.7301587301587301,0.00547483516857028,0.01616671308875084
0.47619047619047616,0.746031746031746,0.009369784034788609,0.027020087465643883
0.47619047619047616,0.7619047619047619,0.004639788065105677,0.028101962059736252
0.47619047619047616,0.7777777777777777,0.0011912778718397021,0.027324089780449867
0.47619047619047616,0.7936507936507936,0.003697664011269808,0.023833129554986954
0.47619047619047616,0.8095238095238095,0.005589630920439959,0.019680455327033997
0.47619047619047616,0.8253968253968254,0.008102493360638618,0.016461292281746864
0.47619047619047616,0.8412698412698412,0.010681274347007275,0.016261454671621323
0.47619047619047616,0.8571428571428571,0.01193652581423521,0.02416747435927391
0.47619047619047616,0.873015873015873,0.015279172919690609,0.03174661472439766
0.47619047619047616,0.8888888888888888,0.016381677240133286,0.03300808370113373
0.47619047619047616,0.9047619047619047,0.015589617192745209,0.03266528621315956
0.47619047619047616,0.9206349206349206,0.013368584215641022,0.03574998304247856
0.47619047619047616,0.9365079365079365,0.013852819800376892,0.03226957842707634
0.47619047619047616,0.9523809523809523,0.012705345638096333,0.030796851962804794
0.47619047619047616,0.9682539682539681,0.011157097294926643,0.028763756155967712
0.47619047619047616,0.9841269841269841,0.010722283273935318,0.0253522340208292
0.47619047619047616,1.0,0.009821190498769283,0.024137966334819794
0.49206349206349204,0.0,-0.009161720052361488,-0.010154222138226032
0.49206349206349204,0.015873015873015872,-0.013244546949863434,0.002276147948578
0.49206349206349204,0.031746031746031744,-0.015724770724773407,0.01634017378091812
0.49206349206349204,0.047619047619047616,-0.013917156495153904,0.025050325319170952
0.49206349206349204,0.06349206349206349,-0.01156189851462841,0.029308609664440155
0.49206349206349204,0.07936507936507936,-0.009727926924824715,0.02848072163760662
0.49206349206349204,0.09523809523809523,-0.007606617175042629,0.0195007361471653
0.49206349206349204,0.1111111111111111,-0.008111514151096344,0.012124224565923214
0.49206349206349204,0.12698412698412698,-0.010845380835235119,0.008221881464123726
0.49206349206349204,0.14285714285714285,-0.007728335447609425,0.005007084924727678
0.49206349206349204,0.15873015873015872,-0.007390723098069429,0.006573043297976255
0.49206349206349204,0.1746031746031746,-0.008643493987619877,0.008289634250104427
0.49206349206349204,0.19047619047619047,-0.011654193513095379,0.010123657062649727
0.49206349206349204,0.20634920634920634,-0.01359773799777031,0.009356744587421417
0.49206349206349204,0.2222222222222222,-0.01294508296996355,0.006709308363497257
0.49206349206349204,0.23809523809523808,-0.01017217617481947,0.003582624951377511
0.49206349206349204,0.25396825396825395,-0.011858168058097363,-0.00044094439363107085
0.49206349206349204,0.2698412698412698,0.0033772867172956467,-0.020200243219733238
0.49206349206349204,0.2857142857142857,-0.003302515484392643,-0.014023853465914726
0.49206349206349204,0.30158730158730157,3.720417953445576e-05,-0.01577693782746792
0.49206349206349204,0.31746031746031744,0.000695495109539479,-0.017836662009358406
0.49206349206349204,0.3333333333333333,0.002954428317025304,-0.01916225254535675
0.49206349206349204,0.3492063492063492,0.0025713329669088125,-0.0169534869492054
0.49206349206349204,0.36507936507936506,0.0011296874145045877,-0.008187534287571907
0.49206349206349204,0.38095238095238093,-0.0008028924930840731,0.0053821527399122715
0.49206349206349204,0.3968253968253968,-0.0026468585710972548,0.014850153587758541
0.49206349206349204,0.4126984126984127,0.0018044825410470366,0.014264138415455818
0.49206349206349204,0.42857142857142855,0.0021386968437582254,0.012845493853092194
0.49206349206349204,0.4444444444444444,0.003532431088387966,0.01470160111784935
0.49206349206349204,0.4603174603174603,0.0009287645225413144,0.019147761166095734
0.49206349206349204,0.47619047619047616,-0.0036248578689992428,0.016742955893278122
0.49206349206349204,0.49206349206349204,-0.005531188100576401,0.012177116237580776
0.49206349206349204,0.5079365079365079,-0.005709442310035229,0.009106519632041454
0.49206349206349204,0.5238095238095237,-0.004831554833799601,0.008433409035205841
0.49206349206349204,0.5396825396825397,-0.0020802509970963,0.010923669673502445
0.49206349206349204,0.5555555555555556,-0.004184016492217779,0.007886428385972977
0.49206349206349204,0.5714285714285714,-0.0018796699587255716,0.0057448395527899265
0.49206349206349204,0.5873015873015872,0.004246461670845747,0.004796398337930441
0.49206349206349204,0.6031746031746031,0.01012152899056673,0.0017960024997591972
0.49206349206349204,0.6190476190476191,0.010861041024327278,-0.0030994757544249296
0.49206349206349204,0.6349206349206349,0.00859737303107977,-0.00209631840698421
0.49206349206349204,0.6507936507936507,0.007782891392707825,-0.003414420410990715
0.49206349206349204,0.6666666666666666,0.006649916525930166,-0.0009543562773615122
0.49206349206349204,0.6825396825396826,0.006436854135245085,0.007761002518236637
0.49206349206349204,0.6984126984126984,0.004151434637606144,0.013825345784425735
0.49206349206349204,0.7142857142857142,-0.0011769570410251617,0.015834379941225052
0.49206349206349204,0.7301587301587301,0.0014924374409019947,0.016922524198889732
0.49206349206349204,0.746031746031746,0.005245815962553024,0.018993152305483818
0.49206349206349204,0.7619047619047619,-0.001263262121938169,0.022089669480919838
0.49206349206349204,0.7777777777777777,-0.004114245064556599,0.02168462984263897
0.49206349206349204,0.7936507936507936,-0.0027611281257122755,0.02039334364235401
0.49206349206349204,0.8095238095238095,0.001058857305906713,0.017319679260253906
0.49206349206349204,0.8253968253968254,0.005596640054136515,0.014143578708171844
0.49206349206349204,0.8412698412698412,0.009533165022730827,0.013779695145785809
0.49206349206349204,0.8571428571428571,0.011103925295174122,0.020861640572547913
0.49206349206349204,0.873015873015873,0.014098095707595348,0.026414014399051666
0.49206349206349204,0.8888888888888888,0.01598532870411873,0.023076796904206276
0.49206349206349204,0.9047619047619047,0.014105596579611301,0.0225507915019989
0.49206349206349204,0.9206349206349206,0.011115573346614838,0.03129250556230545
0.49206349206349204,0.9365079365079365,0.011633911170065403,0.03037763386964798
0.49206349206349204,0.9523809523809523,0.008484761230647564,0.03009224310517311
0.49206349206349204,0.9682539682539681,0.0068400525487959385,0.027866913005709648
0.49206349206349204,0.9841269841269841,0.006330947857350111,0.024552317336201668
0.49206349206349204,1.0,0.006022090557962656,0.02343595214188099
0.5079365079365079,0.0,-0.012783541344106197,-0.010942116379737854
0.5079365079365079,0.015873015873015872,-0.016198327764868736,0.000699301774147898
0.5079365079365079,0.031746031746031744,-0.018404750153422356,0.01427279319614172
0.5079365079365079,0.047619047619047616,-0.018164262175559998,0.025077911093831062
0.5079365079365079,0.06349206349206349,-0.01580800674855709,0.025922974571585655
0.5079365079365079,0.07936507936507936,-0.014260639436542988,0.021797997877001762
0.5079365079365079,0.09523809523809523,-0.011916141957044601,0.015173838473856449
0.5079365079365079,0.1111111111111111,-0.014106626622378826,0.007760851643979549
0.5079365079365079,0.12698412698412698,-0.011524940840899944,0.0012715168995782733
0.5079365079365079,0.14285714285714285,-0.005700087174773216,0.0002581280132289976
0.5079365079365079,0.15873015873015872,-0.0037289741449058056,0.005572294816374779
0.5079365079365079,0.1746031746031746,-0.007318016141653061,0.009891820140182972
0.5079365079365079,0.19047619047619047,-0.013293339870870113,0.01602861098945141
0.5079365079365079,0.20634920634920634,-0.0158200953155756,0.010163657367229462
0.5079365079365079,0.2222222222222222,-0.015196087770164013,0.0016593988984823227
0.5079365079365079,0.23809523809523808,-0.016527026891708374,0.0015031159855425358
0.5079365079365079,0.25396825396825395,-0.01699451543390751,-0.002996098715811968
0.5079365079365079,0.2698412698412698,-0.001513599301688373,-0.022025441750884056
0.5079365079365079,0.2857142857142857,-0.008992580696940422,-0.014372616074979305
0.5079365079365079,0.30158730158730157,-0.005994779523462057,-0.017558155581355095
0.5079365079365079,0.31746031746031744,-0.0039388868026435375,-0.02089575305581093
0.5079365079365079,0.3333333333333333,-0.0012908615171909332,-0.022904690355062485
0.5079365079365079,0.3492063492063492,-6.1027581978123635e-05,-0.021917123347520828
0.5079365079365079,0.36507936507936506,-0.0016690557822585106,-0.013478313572704792
0.5079365079365079,0.38095238095238093,-0.0037906337529420853,-0.0024241884239017963
0.5079365079365079,0.3968253968253968,-0.009167613461613655,0.00815338920801878
0.5079365079365079,0.4126984126984127,-0.0052147977985441685,0.0077765826135873795
0.5079365079365079,0.42857142857142855,-0.000996829941868782,0.003464294131845236
0.5079365079365079,0.4444444444444444,-0.0014177598059177399,0.0082390820607543
0.5079365079365079,0.4603174603174603,-0.0059173330664634705,0.014714607037603855
0.5079365079365079,0.47619047619047616,-0.007923625409603119,0.014447774738073349
0.5079365079365079,0.49206349206349204,-0.006515097804367542,0.008417986333370209
0.5079365079365079,0.5079365079365079,-0.007265175227075815,0.004615978337824345
0.5079365079365079,0.5238095238095237,-0.00725129758939147,0.003377372631803155
0.5079365079365079,0.5396825396825397,-0.0053452798165380955,0.006676763761788607
0.5079365079365079,0.5555555555555556,-0.004689512308686972,0.011171420104801655
0.5079365079365079,0.5714285714285714,-0.0034721633419394493,0.008043980225920677
0.5079365079365079,0.5873015873015872,0.0019148653373122215,0.008204707875847816
0.5079365079365079,0.6031746031746031,0.0037077576853334904,0.00036386476131156087
0.5079365079365079,0.6190476190476191,0.013722856529057026,-0.0110717648640275
0.5079365079365079,0.6349206349206349,0.01238634716719389,-0.01704261638224125
0.5079365079365079,0.6507936507936507,0.013909862376749516,-0.01528548076748848
0.5079365079365079,0.6666666666666666,0.011251185089349747,-0.008184310048818588
0.5079365079365079,0.6825396825396826,0.005820694845169783,0.005427079740911722
0.5079365079365079,0.6984126984126984,0.0051441011019051075,0.01629433035850525
0.5079365079365079,0.7142857142857142,0.0021721322555094957,0.01935773342847824
0.5079365079365079,0.7301587301587301,0.004142919089645147,0.015328701585531235
0.5079365079365079,0.746031746031746,0.0026462841778993607,0.016207315027713776
0.5079365079365079,0.7619047619047619,-0.001428198185749352,0.018976831808686256
0.5079365079365079,0.7777777777777777,0.0016399214509874582,0.015365605242550373
0.5079365079365079,0.7936507936507936,-0.0030991157982498407,0.021601321175694466
0.5079365079365079,0.8095238095238095,-0.002495738212019205,0.020935367792844772
0.5079365079365079,0.8253968253968254,0.004070098977535963,0.015647906810045242
0.5079365079365079,0.8412698412698412,0.010070250369608402,0.012510135769844055
0.5079365079365079,0.8571428571428571,0.012144682928919792,0.018270879983901978
0.5079365079365079,0.873015873015873,0.013868467882275581,0.023798266425728798
0.5079365079365079,0.8888888888888888,0.015647074207663536,0.017453601583838463
0.5079365079365079,0.9047619047619047,0.015743164345622063,0.015325379557907581
0.5079365079365079,0.9206349206349206,0.01690743677318096,0.02308296039700508
0.5079365079365079,0.9365079365079365,0.011599731631577015,0.028711015358567238
0.5079365079365079,0.9523809523809523,0.005276985466480255,0.02911478467285633
0.5079365079365079,0.9682539682539681,0.0034165012184530497,0.027879606932401657
0.5079365079365079,0.9841269841269841,0.0028780782595276833,0.025549108162522316
0.5079365079365079,1.0,0.002497193170711398,0.024883585050702095
0.5238095238095237,0.0,-0.01584201492369175,-0.012146027758717537
0.5238095238095237,0.015873015873015872,-0.01884302869439125,0.0007531410083174706
0.5238095238095237,0.031746031746031744,-0.02036203071475029,0.013004342094063759
0.5238095238095237,0.047619047619047616,-0.022605642676353455,0.028638940304517746
0.5238095238095237,0.06349206349206349,-0.020911162719130516,0.029474886134266853
0.5238095238095237,0.07936507936507936,-0.01825346238911152,0.02291932888329029
0.5238095238095237,0.09523809523809523,-0.015142550691962242,0.01316672470420599
0.5238095238095237,0.1111111111111111,-0.013154224492609501,0.0026110869366675615
0.5238095238095237,0.12698412698412698,-0.007363639771938324,-0.006374362390488386
0.5238095238095237,0.14285714285714285,-0.002979757497087121,-0.002221333095803857
0.5238095238095237,0.15873015873015872,-0.0002720005577430129,0.007012340240180492
0.5238095238095237,0.1746031746031746,-0.0046549830585718155,0.01228709053248167
0.5238095238095237,0.19047619047619047,-0.013531754724681377,0.01964200846850872
0.5238095238095237,0.20634920634920634,-0.01683155633509159,0.012267455458641052
0.5238095238095237,0.2222222222222222,-0.016813332214951515,-0.00234042014926672
0.5238095238095237,0.23809523809523808,-0.015608088113367558,-0.006743635516613722
0.5238095238095237,0.25396825396825395,-0.009453883394598961,-0.01687929406762123
0.5238095238095237,0.2698412698412698,-0.007440005429089069,-0.016704712063074112
0.5238095238095237,0.2857142857142857,-0.01238076202571392,-0.012496456503868103
0.5238095238095237,0.30158730158730157,-0.00923960655927658,-0.019177287817001343
0.5238095238095237,0.31746031746031744,-0.007632622495293617,-0.019761918112635612
0.5238095238095237,0.3333333333333333,-0.005694421008229256,-0.020711194723844528
0.5238095238095237,0.3492063492063492,-0.002738421317189932,-0.02173742651939392
0.5238095238095237,0.36507936507936506,-0.002501037437468767,-0.016349025070667267
0.5238095238095237,0.38095238095238093,-0.004212941508740187,-0.00484674284234643
0.5238095238095237,0.3968253968253968,-0.008768648840487003,0.002637033350765705
0.5238095238095237,0.4126984126984127,-0.009411823935806751,0.004467464983463287
0.5238095238095237,0.42857142857142855,-0.005176720209419727,0.002318204613402486
0.5238095238095237,0.4444444444444444,-0.00391764659434557,0.004585789982229471
0.5238095238095237,0.4603174603174603,-0.007693297695368528,0.011585080064833164
0.5238095238095237,0.47619047619047616,-0.008005933836102486,0.011431729421019554
0.5238095238095237,0.49206349206349204,-0.0069642700254917145,0.005826020147651434
0.5238095238095237,0.5079365079365079,-0.008291122503578663,0.002193102613091469
0.5238095238095237,0.5238095238095237,-0.009537789970636368,0.0007769406656734645
0.5238095238095237,0.5396825396825397,-0.007105379831045866,0.0019480983028188348
0.5238095238095237,0.5555555555555556,-0.00584642868489027,0.00753681780770421
0.5238095238095237,0.5714285714285714,-0.004001660738140345,0.011384549550712109
0.5238095238095237,0.5873015873015872,-0.00018066211487166584,0.0074412040412425995
0.5238095238095237,0.6031746031746031,0.004356388468295336,-0.005998831242322922
0.5238095238095237,0.6190476190476191,0.011635278351604939,-0.018319910392165184
0.5238095238095237,0.6349206349206349,0.014001596719026566,-0.026200955733656883
0.5238095238095237,0.6507936507936507,0.01567826233804226,-0.02348676510155201
0.5238095238095237,0.6666666666666666,0.01267320942133665,-0.011049661785364151
0.5238095238095237,0.6825396825396826,0.006636243313550949,0.004378400277346373
0.5238095238095237,0.6984126984126984,0.006656486541032791,0.016099199652671814
0.5238095238095237,0.7142857142857142,0.007253166288137436,0.01963679865002632
0.5238095238095237,0.7301587301587301,0.008537594228982925,0.013947448693215847
0.5238095238095237,0.746031746031746,0.005497521720826626,0.013001901097595692
0.5238095238095237,0.7619047619047619,0.006143080536276102,0.015092788264155388
0.5238095238095237,0.7777777777777777,0.010644732043147087,0.01377064548432827
0.5238095238095237,0.7936507936507936,0.0006018779240548611,0.026780638843774796
0.5238095238095237,0.8095238095238095,-0.0015410316409543157,0.02654295228421688
0.5238095238095237,0.8253968253968254,0.0036335294134914875,0.020242705941200256
0.5238095238095237,0.8412698412698412,0.010307444259524345,0.015531941317021847
0.5238095238095237,0.8571428571428571,0.012779666110873222,0.01938781887292862
0.5238095238095237,0.873015873015873,0.013028663583099842,0.025077320635318756
0.5238095238095237,0.8888888888888888,0.014938010834157467,0.01778990775346756
0.5238095238095237,0.9047619047619047,0.019387176260352135,0.01244693249464035
0.5238095238095237,0.9206349206349206,0.01912795566022396,0.02148517221212387
0.5238095238095237,0.9365079365079365,0.009602070786058903,0.03168348968029022
0.5238095238095237,0.9523809523809523,0.003122909925878048,0.03034348040819168
0.5238095238095237,0.9682539682539681,0.00039605714846402407,0.030657285824418068
0.5238095238095237,0.9841269841269841,0.00022921540949027985,0.027368906885385513
0.5238095238095237,1.0,-0.0007414837600663304,0.02618504874408245
0.5396825396825397,0.0,-0.01752941496670246,-0.01292133517563343
0.5396825396825397,0.015873015873015872,-0.02111588418483734,-0.0007036940660327673
0.5396825396825397,0.031746031746031744,-0.022746464237570763,0.010541138239204884
0.5396825396825397,0.047619047619047616,-0.02596118301153183,0.03033273108303547
0.5396825396825397,0.06349206349206349,-0.022681016474962234,0.030246270820498466
0.5396825396825397,0.07936507936507936,-0.018861165270209312,0.02287769317626953
0.5396825396825397,0.09523809523809523,-0.015695257112383842,0.013816211372613907
0.5396825396825397,0.1111111111111111,-0.0120086669921875,0.0015488668577745557
0.5396825396825397,0.12698412698412698,-0.006023479625582695,-0.007231766823679209
0.5396825396825397,0.14285714285714285,-0.0009818330872803926,-0.00220266031101346
0.5396825396825397,0.15873015873015872,-0.0011269842507317662,0.010158836841583252
0.5396825396825397,0.1746031746031746,-0.007431125734001398,0.017377883195877075
0.5396825396825397,0.19047619047619047,-0.01375836506485939,0.023794841021299362
0.5396825396825397,0.20634920634920634,-0.01912742480635643,0.015049898065626621
0.5396825396825397,0.2222222222222222,-0.01747622713446617,-0.0031262212432920933
0.5396825396825397,0.23809523809523808,-0.01317096408456564,-0.008425360545516014
0.5396825396825397,0.25396825396825395,-0.012027188204228878,-0.008877154439687729
0.5396825396825397,0.2698412698412698,-0.010858562774956226,-0.009656374342739582
0.5396825396825397,0.2857142857142857,-0.0107302600517869,-0.01261061616241932
0.5396825396825397,0.30158730158730157,-0.00961147341877222,-0.01843561790883541
0.5396825396825397,0.31746031746031744,-0.008657016791403294,-0.019217832013964653
0.5396825396825397,0.3333333333333333,-0.006816716864705086,-0.019854160025715828
0.5396825396825397,0.3492063492063492,-0.003375982865691185,-0.020886460319161415
0.5396825396825397,0.36507936507936506,-0.0013564357068389654,-0.018231399357318878
0.5396825396825397,0.38095238095238093,-0.0026935897767543793,-0.007286750245839357
0.5396825396825397,0.3968253968253968,-0.0055156066082417965,-0.000553872378077358
0.5396825396825397,0.4126984126984127,-0.00583284255117178,-3.3657597668934613e-05
0.5396825396825397,0.42857142857142855,-0.002607861300930381,-0.0012241784716024995
0.5396825396825397,0.4444444444444444,-0.0029329408425837755,0.002921468112617731
0.5396825396825397,0.4603174603174603,-0.007302960846573114,0.010145525448024273
0.5396825396825397,0.47619047619047616,-0.009461439214646816,0.012614293023943901
0.5396825396825397,0.49206349206349204,-0.009515543468296528,0.007877363823354244
0.5396825396825397,0.5079365079365079,-0.010325983166694641,0.0034063586499542
0.5396825396825397,0.5238095238095237,-0.00958872027695179,0.0005715074948966503
0.5396825396825397,0.5396825396825397,-0.007972235791385174,0.0023493031039834023
0.5396825396825397,0.5555555555555556,-0.006188359577208757,0.006192251108586788
0.5396825396825397,0.5714285714285714,-0.0047034407034516335,0.011030453257262707
0.5396825396825397,0.5873015873015872,-0.0013616136275231838,0.008876197971403599
0.5396825396825397,0.6031746031746031,0.004208984784781933,-0.0076088616624474525
0.5396825396825397,0.6190476190476191,0.006491928361356258,-0.022412946447730064
0.5396825396825397,0.6349206349206349,0.01021706871688366,-0.027384508401155472
0.5396825396825397,0.6507936507936507,0.01097105909138918,-0.020357675850391388
0.5396825396825397,0.6666666666666666,0.008588645607233047,-0.0062232487834990025
0.5396825396825397,0.6825396825396826,0.005055170971900225,0.00805006641894579
0.5396825396825397,0.6984126984126984,0.008806783705949783,0.012929634191095829
0.5396825396825397,0.7142857142857142,0.010466947220265865,0.01615160144865513
0.5396825396825397,0.7301587301587301,0.013168517500162125,0.0032265475019812584
0.5396825396825397,0.746031746031746,0.011683918535709381,-0.00058836949756369
0.5396825396825397,0.7619047619047619,0.004647770430892706,0.014079492539167404
0.5396825396825397,0.7777777777777777,0.0023422776721417904,0.02408415451645851
0.5396825396825397,0.7936507936507936,-0.0035738840233534575,0.035509124398231506
0.5396825396825397,0.8095238095238095,-0.002190898871049285,0.03153667226433754
0.5396825396825397,0.8253968253968254,0.002823631279170513,0.024249181151390076
0.5396825396825397,0.8412698412698412,0.011158495210111141,0.01777377910912037
0.5396825396825397,0.8571428571428571,0.014086940325796604,0.020695803686976433
0.5396825396825397,0.873015873015873,0.013514755293726921,0.026191703975200653
0.5396825396825397,0.8888888888888888,0.015178050845861435,0.017399145290255547
0.5396825396825397,0.9047619047619047,0.019030949100852013,0.010819083079695702
0.5396825396825397,0.9206349206349206,0.014863518066704273,0.02257673256099224
0.5396825396825397,0.9365079365079365,0.0032946814317256212,0.0369868278503418
0.5396825396825397,0.9523809523809523,-0.0012378196697682142,0.03600570932030678
0.5396825396825397,0.9682539682539681,-0.0012199385091662407,0.033020175993442535
0.5396825396825397,0.9841269841269841,0.00015229541168082505,0.027308082208037376
0.5396825396825397,1.0,-0.0006831439677625895,0.02533724159002304
0.5555555555555556,0.0,-0.014434660784900188,-0.016439437866210938
0.5555555555555556,0.015873015873015872,-0.019303515553474426,-0.004384035710245371
0.5555555555555556,0.031746031746031744,-0.021832561120390892,0.004852537997066975
0.5555555555555556,0.047619047619047616,-0.025113895535469055,0.02521367371082306
0.5555555555555556,0.06349206349206349,-0.019894199445843697,0.025022197514772415
0.5555555555555556,0.07936507936507936,-0.01536622829735279,0.019431941211223602
0.5555555555555556,0.09523809523809523,-0.013195153325796127,0.013210752047598362
0.5555555555555556,0.1111111111111111,-0.012254615314304829,0.006963040214031935
0.5555555555555556,0.12698412698412698,-0.008655180223286152,-0.00012538912415038794
0.5555555555555556,0.14285714285714285,-0.005423768889158964,0.0038972070906311274
0.5555555555555556,0.15873015873015872,-0.009721045382320881,0.0145055390894413
0.5555555555555556,0.1746031746031746,-0.014999997802078724,0.024136485531926155
0.5555555555555556,0.19047619047619047,-0.016715822741389275,0.025950510054826736
0.5555555555555556,0.20634920634920634,-0.019675929099321365,0.017268087714910507
0.5555555555555556,0.2222222222222222,-0.01668412797152996,-0.001066309865564108
0.5555555555555556,0.23809523809523808,-0.011204292997717857,-0.012226317077875137
0.5555555555555556,0.25396825396825395,-0.006993282586336136,-0.006839095149189234
0.5555555555555556,0.2698412698412698,-0.006562442984431982,-0.008064132183790207
0.5555555555555556,0.2857142857142857,-0.007542220875620842,-0.011921440251171589
0.5555555555555556,0.30158730158730157,-0.006930632516741753,-0.01763402856886387
0.5555555555555556,0.31746031746031744,-0.006574234459549189,-0.021123308688402176
0.5555555555555556,0.3333333333333333,-0.004893955774605274,-0.021823493763804436
0.5555555555555556,0.3492063492063492,-0.001884031342342496,-0.02122882381081581
0.5555555555555556,0.36507936507936506,0.0004920362844131887,-0.01850700192153454
0.5555555555555556,0.38095238095238093,0.0008297121385112405,-0.010114230215549469
0.5555555555555556,0.3968253968253968,-0.0010644695721566677,-0.0035793911665678024
0.5555555555555556,0.4126984126984127,-0.00045047036837786436,-0.00411830423399806
0.5555555555555556,0.42857142857142855,0.0023981709964573383,-0.004798875655978918
0.5555555555555556,0.4444444444444444,0.0005872981855645776,0.001045143697410822
0.5555555555555556,0.4603174603174603,-0.0032669655047357082,0.00899233017116785
0.5555555555555556,0.47619047619047616,-0.0076838331297039986,0.013586259447038174
0.5555555555555556,0.49206349206349204,-0.009644119068980217,0.010228426195681095
0.5555555555555556,0.5079365079365079,-0.008908877149224281,0.0046343328431248665
0.5555555555555556,0.5238095238095237,-0.006650321651250124,0.0006595750455744565
0.5555555555555556,0.5396825396825397,-0.005741471890360117,0.0022889936808496714
0.5555555555555556,0.5555555555555556,-0.0042833904735744,0.005943384487181902
0.5555555555555556,0.5714285714285714,-0.0023594291415065527,0.008669803850352764
0.5555555555555556,0.5873015873015872,0.0009581456542946398,0.00774172181263566
0.5555555555555556,0.6031746031746031,0.006377697456628084,-0.006895525846630335
0.5555555555555556,0.6190476190476191,0.006177809089422226,-0.01679983362555504
0.5555555555555556,0.6349206349206349,0.0038095032796263695,-0.01925579458475113
0.5555555555555556,0.6507936507936507,0.003931508865207434,-0.009956113062798977
0.5555555555555556,0.6666666666666666,0.003740535816177726,0.0032091231551021338
0.5555555555555556,0.6825396825396826,0.007393472362309694,0.010335704311728477
0.5555555555555556,0.6984126984126984,0.011024786159396172,0.012847134843468666
0.5555555555555556,0.7142857142857142,0.011766551062464714,0.016106126829981804
0.5555555555555556,0.7301587301587301,0.016246048733592033,-0.0008289566030725837
0.5555555555555556,0.746031746031746,0.017629235982894897,-0.008498487062752247
0.5555555555555556,0.7619047619047619,0.00799939502030611,0.010461695492267609
0.5555555555555556,0.7777777777777777,-0.0019632091280072927,0.03013520874083042
0.5555555555555556,0.7936507936507936,-0.005002580117434263,0.036923568695783615
0.5555555555555556,0.8095238095238095,-0.003124805400148034,0.03667062893509865
0.5555555555555556,0.8253968253968254,0.004735306371003389,0.027106475085020065
0.5555555555555556,0.8412698412698412,0.012917730025947094,0.01834913343191147
0.5555555555555556,0.8571428571428571,0.016277384012937546,0.020527958869934082
0.5555555555555556,0.873015873015873,0.016162168234586716,0.02614651247859001
0.5555555555555556,0.8888888888888888,0.017212621867656708,0.019633736461400986
0.5555555555555556,0.9047619047619047,0.02216343954205513,0.006811920553445816
0.5555555555555556,0.9206349206349206,0.01630990207195282,0.019215600565075874
0.5555555555555556,0.9365079365079365,0.003430061973631382,0.03911551833152771
0.5555555555555556,0.9523809523809523,0.00033743263338692486,0.03893059864640236
0.5555555555555556,0.9682539682539681,0.001982954330742359,0.03400617465376854
0.5555555555555556,0.9841269841269841,0.003955524414777756,0.026428328827023506
0.5555555555555556,1.0,0.002475983928889036,0.024366404861211777
0.5714285714285714,0.0,-0.009425242431461811,-0.020494140684604645
0.5714285714285714,0.015873015873015872,-0.01568470150232315,-0.0059645273722708225
0.5714285714285714,0.031746031746031744,-0.01860768534243107,0.00839126668870449
0.5714285714285714,0.047619047619047616,-0.0211501382291317,0.02558653987944126
0.5714285714285714,0.06349206349206349,-0.01499097514897585,0.022748073562979698
0.5714285714285714,0.07936507936507936,-0.009672683663666248,0.018252717331051826
0.5714285714285714,0.09523809523809523,-0.007574868388473988,0.015379296615719795
0.5714285714285714,0.1111111111111111,-0.006276581436395645,0.011138900183141232
0.5714285714285714,0.12698412698412698,-0.008481835015118122,0.010987218469381332
0.5714285714285714,0.14285714285714285,-0.011239317245781422,0.014253816567361355
0.5714285714285714,0.15873015873015872,-0.014113357290625572,0.021047985181212425
0.5714285714285714,0.1746031746031746,-0.016754595562815666,0.02763338014483452
0.5714285714285714,0.19047619047619047,-0.01845061592757702,0.027031224220991135
0.5714285714285714,0.20634920634920634,-0.01708999089896679,0.017066648229956627
0.5714285714285714,0.2222222222222222,-0.012409036979079247,0.0006175522576086223
0.5714285714285714,0.23809523809523808,-0.000318372854962945,0.001953336875885725
0.5714285714285714,0.25396825396825395,0.0024438125547021627,-0.015051977708935738
0.5714285714285714,0.2698412698412698,0.0037079760804772377,-0.012726178392767906
0.5714285714285714,0.2857142857142857,0.000459374045021832,-0.011352937668561935
0.5714285714285714,0.30158730158730157,-0.0016111794393509626,-0.017995314672589302
0.5714285714285714,0.31746031746031744,-0.0021359047386795282,-0.02533596009016037
0.5714285714285714,0.3333333333333333,-0.0009607768151909113,-0.025812964886426926
0.5714285714285714,0.3492063492063492,0.001393161597661674,-0.023856259882450104
0.5714285714285714,0.36507936507936506,0.0044314805418252945,-0.021196274086833
0.5714285714285714,0.38095238095238093,0.005503365769982338,-0.013131877407431602
0.5714285714285714,0.3968253968253968,0.004076873417943716,-0.006949128583073616
0.5714285714285714,0.4126984126984127,0.005751005839556456,-0.007029255852103233
0.5714285714285714,0.42857142857142855,0.008369923569262028,-0.007625488564372063
0.5714285714285714,0.4444444444444444,0.006435099057853222,-0.001231638016179204
0.5714285714285714,0.4603174603174603,0.0019663048442453146,0.009421695955097675
0.5714285714285714,0.47619047619047616,-0.0022274297662079334,0.014515809714794159
0.5714285714285714,0.49206349206349204,-0.004420456942170858,0.010816359892487526
0.5714285714285714,0.5079365079365079,-0.0043624574318528175,0.004925337620079517
0.5714285714285714,0.5238095238095237,-0.0026811722200363874,0.00043027926585637033
0.5714285714285714,0.5396825396825397,-0.0010548393474891782,0.0008687381632626057
0.5714285714285714,0.5555555555555556,-0.00012587862147483975,0.004541662521660328
0.5714285714285714,0.5714285714285714,0.002021439140662551,0.006301370915025473
0.5714285714285714,0.5873015873015872,0.005870806984603405,0.0052927713841199875
0.5714285714285714,0.6031746031746031,0.010758313350379467,-0.002739834366366267
0.5714285714285714,0.6190476190476191,0.010882976464927197,-0.012151307426393032
0.5714285714285714,0.6349206349206349,0.006875924300402403,-0.009973815642297268
0.5714285714285714,0.6507936507936507,0.004801642615348101,-0.0010821466566994786
0.5714285714285714,0.6666666666666666,0.007397377863526344,0.007812791503965855
0.5714285714285714,0.6825396825396826,0.011981221847236156,0.009575586766004562
0.5714285714285714,0.6984126984126984,0.01526157557964325,0.012068960815668106
0.5714285714285714,0.7142857142857142,0.01315702311694622,0.019121112301945686
0.5714285714285714,0.7301587301587301,0.016684990376234055,0.01095899660140276
0.5714285714285714,0.746031746031746,0.020260825753211975,0.0017982643330469728
0.5714285714285714,0.7619047619047619,0.014759906567633152,0.01277930848300457
0.5714285714285714,0.7777777777777777,0.007289891131222248,0.028312548995018005
0.5714285714285714,0.7936507936507936,0.004919314756989479,0.03573514521121979
0.5714285714285714,0.8095238095238095,0.0052458737045526505,0.037389446049928665
0.5714285714285714,0.8253968253968254,0.008538071997463703,0.03028341941535473
0.5714285714285714,0.8412698412698412,0.01610371842980385,0.019558275118470192
0.5714285714285714,0.8571428571428571,0.020151440054178238,0.01962556317448616
0.5714285714285714,0.873015873015873,0.019920770078897476,0.026800813153386116
0.5714285714285714,0.8888888888888888,0.02005518227815628,0.024175239726901054
0.5714285714285714,0.9047619047619047,0.025698991492390633,0.012080098502337933
0.5714285714285714,0.9206349206349206,0.01967662014067173,0.023060282692313194
0.5714285714285714,0.9365079365079365,0.00896511785686016,0.03864879906177521
0.5714285714285714,0.9523809523809523,0.00599630456417799,0.04110555723309517
0.5714285714285714,0.9682539682539681,0.008105499669909477,0.035152461379766464
0.5714285714285714,0.9841269841269841,0.010018995963037014,0.027187343686819077
0.5714285714285714,1.0,0.00829361192882061,0.0237575676292181
0.5873015873015872,0.0,-0.0026728427037596703,-0.023420363664627075
0.5873015873015872,0.015873015873015872,-0.011302356608211994,-0.00434294156730175
0.5873015873015872,0.031746031746031744,-0.014633330516517162,0.011592239141464233
0.5873015873015872,0.047619047619047616,-0.012499884702265263,0.021001584827899933
0.5873015873015872,0.06349206349206349,-0.006074359640479088,0.018994281068444252
0.5873015873015872,0.07936507936507936,-0.0027357120998203754,0.01979490928351879
0.5873015873015872,0.09523809523809523,-0.0014904789859429002,0.01929214410483837
0.5873015873015872,0.1111111111111111,-0.0003584330843295902,0.016886333003640175
0.5873015873015872,0.12698412698412698,-0.002246225718408823,0.01670766994357109
0.5873015873015872,0.14285714285714285,-0.00683588208630681,0.01959705911576748
0.5873015873015872,0.15873015873015872,-0.010307865217328072,0.02395518682897091
0.5873015873015872,0.1746031746031746,-0.01460088137537241,0.029954995959997177
0.5873015873015872,0.19047619047619047,-0.015068844892084599,0.027430763468146324
0.5873015873015872,0.20634920634920634,-0.012111381627619267,0.0184725821018219
0.5873015873015872,0.2222222222222222,-0.00014485878637060523,0.015884708613157272
0.5873015873015872,0.23809523809523808,0.013561567291617393,0.02600124478340149
0.5873015873015872,0.25396825396825395,0.003814554773271084,-0.005023939069360495
0.5873015873015872,0.2698412698412698,0.006782556418329477,-0.0045622955076396465
0.5873015873015872,0.2857142857142857,0.007016870193183422,-0.010518238879740238
0.5873015873015872,0.30158730158730157,0.003691812977194786,-0.015693483874201775
0.5873015873015872,0.31746031746031744,0.0027121095918118954,-0.027541816234588623
0.5873015873015872,0.3333333333333333,0.0033934491220861673,-0.03014855645596981
0.5873015873015872,0.3492063492063492,0.006155727431178093,-0.0279148630797863
0.5873015873015872,0.36507936507936506,0.010205511935055256,-0.022136779502034187
0.5873015873015872,0.38095238095238093,0.0104734031483531,-0.016223495826125145
0.5873015873015872,0.3968253968253968,0.009316051378846169,-0.010437420569360256
0.5873015873015872,0.4126984126984127,0.011379126459360123,-0.00916911568492651
0.5873015873015872,0.42857142857142855,0.014608626253902912,-0.010267633944749832
0.5873015873015872,0.4444444444444444,0.013798356056213379,-0.005677550565451384
0.5873015873015872,0.4603174603174603,0.008536677807569504,0.007490856107324362
0.5873015873015872,0.47619047619047616,0.0037149956915527582,0.014680628664791584
0.5873015873015872,0.49206349206349204,0.0010094651952385902,0.011323892511427402
0.5873015873015872,0.5079365079365079,0.0006097327568568289,0.00498057808727026
0.5873015873015872,0.5238095238095237,0.0021707694977521896,-0.0007690446218475699
0.5873015873015872,0.5396825396825397,0.0046882168389856815,-0.0020485306158661842
0.5873015873015872,0.5555555555555556,0.005503572057932615,0.0015973569825291634
0.5873015873015872,0.5714285714285714,0.00747993728145957,0.00390287721529603
0.5873015873015872,0.5873015873015872,0.011276377364993095,0.004292735829949379
0.5873015873015872,0.6031746031746031,0.01601961813867092,0.0009040744625963271
0.5873015873015872,0.6190476190476191,0.015824241563677788,-0.0037933082785457373
0.5873015873015872,0.6349206349206349,0.01230208296328783,-0.002304136985912919
0.5873015873015872,0.6507936507936507,0.011115172877907753,0.004243745934218168
0.5873015873015872,0.6666666666666666,0.012375297956168652,0.006946096662431955
0.5873015873015872,0.6825396825396826,0.016916777938604355,0.007673734799027443
0.5873015873015872,0.6984126984126984,0.020468387752771378,0.009748018346726894
0.5873015873015872,0.7142857142857142,0.017740463837981224,0.02027648687362671
0.5873015873015872,0.7301587301587301,0.015537159517407417,0.024616790935397148
0.5873015873015872,0.746031746031746,0.016628947108983994,0.02510373666882515
0.5873015873015872,0.7619047619047619,0.01709548756480217,0.022360313683748245
0.5873015873015872,0.7777777777777777,0.014698952436447144,0.02606290392577648
0.5873015873015872,0.7936507936507936,0.012511339969933033,0.03607439994812012
0.5873015873015872,0.8095238095238095,0.011914891190826893,0.039532266557216644
0.5873015873015872,0.8253968253968254,0.015830600634217262,0.03175637125968933
0.5873015873015872,0.8412698412698412,0.020568937063217163,0.023598840460181236
0.5873015873015872,0.8571428571428571,0.02490353398025036,0.019197309389710426
0.5873015873015872,0.873015873015873,0.023750117048621178,0.025620656087994576
0.5873015873015872,0.8888888888888888,0.02219928428530693,0.027991775423288345
0.5873015873015872,0.9047619047619047,0.02547335997223854,0.023496896028518677
0.5873015873015872,0.9206349206349206,0.023495571687817574,0.02666875533759594
0.5873015873015872,0.9365079365079365,0.01732402667403221,0.036421146243810654
0.5873015873015872,0.9523809523809523,0.015524794347584248,0.03923848271369934
0.5873015873015872,0.9682539682539681,0.016119755804538727,0.0376516655087471
0.5873015873015872,0.9841269841269841,0.017436077818274498,0.030112119391560555
0.5873015873015872,1.0,0.015725476667284966,0.024853670969605446
0.6031746031746031,0.0,0.002349808579310775,-0.022128315642476082
0.6031746031746031,0.015873015873015872,-0.00418902887031436,-0.006536805536597967
0.6031746031746031,0.031746031746031744,-0.006839515175670385,0.008688298985362053
0.6031746031746031,0.047619047619047616,-0.004516707733273506,0.0156901516020298
0.6031746031746031,0.06349206349206349,0.0006038094288669527,0.01547891553491354
0.6031746031746031,0.07936507936507936,0.004885063041001558,0.016128597781062126
0.6031746031746031,0.09523809523809523,0.004293396603316069,0.021954365074634552
0.6031746031746031,0.1111111111111111,0.0051023163832724094,0.020679641515016556
0.6031746031746031,0.12698412698412698,0.0023177729453891516,0.020902467891573906
0.6031746031746031,0.14285714285714285,-0.002208836143836379,0.021885884925723076
0.6031746031746031,0.15873015873015872,-0.006281438749283552,0.02463003247976303
0.6031746031746031,0.1746031746031746,-0.009820145554840565,0.02770165726542473
0.6031746031746031,0.19047619047619047,-0.008673648349940777,0.023274514824151993
0.6031746031746031,0.20634920634920634,-0.0051629249937832355,0.019939130172133446
0.6031746031746031,0.2222222222222222,0.0012198234908282757,0.003718492342159152
0.6031746031746031,0.23809523809523808,0.013927383348345757,0.01331640500575304
0.6031746031746031,0.25396825396825395,-0.00045051571214571595,0.020939134061336517
0.6031746031746031,0.2698412698412698,-0.0003928621590603143,0.02191014774143696
0.6031746031746031,0.2857142857142857,0.014167513698339462,-0.012453285045921803
0.6031746031746031,0.30158730158730157,0.00950813852250576,-0.016450850293040276
0.6031746031746031,0.31746031746031744,0.009263376705348492,-0.03007301688194275
0.6031746031746031,0.3333333333333333,0.008803874254226685,-0.0367400087416172
0.6031746031746031,0.3492063492063492,0.009841123595833778,-0.03282899037003517
0.6031746031746031,0.36507936507936506,0.01603088341653347,-0.022369232028722763
0.6031746031746031,0.38095238095238093,0.01532662007957697,-0.02155723236501217
0.6031746031746031,0.3968253968253968,0.01394284050911665,-0.01343068853020668
0.6031746031746031,0.4126984126984127,0.015790674835443497,-0.009878652170300484
0.6031746031746031,0.42857142857142855,0.020361993461847305,-0.013528306037187576
0.6031746031746031,0.4444444444444444,0.021222230046987534,-0.011052366346120834
0.6031746031746031,0.4603174603174603,0.014693700708448887,0.0051855542697012424
0.6031746031746031,0.47619047619047616,0.010417822748422623,0.012761043384671211
0.6031746031746031,0.49206349206349204,0.0057985722087323666,0.011950052343308926
0.6031746031746031,0.5079365079365079,0.004855573642998934,0.005041010677814484
0.6031746031746031,0.5238095238095237,0.00669688917696476,-0.001315874746069312
0.6031746031746031,0.5396825396825397,0.009233222343027592,-0.004284174647182226
0.6031746031746031,0.5555555555555556,0.010559098795056343,-0.0026530197355896235
0.6031746031746031,0.5714285714285714,0.012612284161150455,0.0008228584774769843
0.6031746031746031,0.5873015873015872,0.01613212749361992,0.002680961275473237
0.6031746031746031,0.6031746031746031,0.019803978502750397,0.0029712102841585875
0.6031746031746031,0.6190476190476191,0.021489232778549194,-0.00015299460210371763
0.6031746031746031,0.6349206349206349,0.019260024651885033,0.0014965550508350134
0.6031746031746031,0.6507936507936507,0.016929667443037033,0.0035304161719977856
0.6031746031746031,0.6666666666666666,0.018214432522654533,0.004345961380749941
0.6031746031746031,0.6825396825396826,0.022960294038057327,0.004679147154092789
0.6031746031746031,0.6984126984126984,0.027004346251487732,0.006999739445745945
0.6031746031746031,0.7142857142857142,0.02346230112016201,0.019335292279720306
0.6031746031746031,0.7301587301587301,0.01594335027039051,0.03148401528596878
0.6031746031746031,0.746031746031746,0.01633182354271412,0.03523135930299759
0.6031746031746031,0.7619047619047619,0.01740720309317112,0.027270326390862465
0.6031746031746031,0.7777777777777777,0.017056744545698166,0.02966957725584507
0.6031746031746031,0.7936507936507936,0.017595427110791206,0.0374847874045372
0.6031746031746031,0.8095238095238095,0.01977371610701084,0.041046902537345886
0.6031746031746031,0.8253968253968254,0.022072289139032364,0.034674301743507385
0.6031746031746031,0.8412698412698412,0.02643435448408127,0.02521463669836521
0.6031746031746031,0.8571428571428571,0.029257001355290413,0.022493410855531693
0.6031746031746031,0.873015873015873,0.02744731679558754,0.02531503699719906
0.6031746031746031,0.8888888888888888,0.025379342958331108,0.028581472113728523
0.6031746031746031,0.9047619047619047,0.027136744931340218,0.0277127455919981
0.6031746031746031,0.9206349206349206,0.02856195904314518,0.030708374455571175
0.6031746031746031,0.9365079365079365,0.026116512715816498,0.03765637055039406
0.6031746031746031,0.9523809523809523,0.023707808926701546,0.041780922561883926
0.6031746031746031,0.9682539682539681,0.02514871582388878,0.03809589520096779
0.6031746031746031,0.9841269841269841,0.025269681587815285,0.03308530151844025
0.6031746031746031,1.0,0.024148885160684586,0.023750636726617813
0.6190476190476191,0.0,0.0074102189391851425,-0.026372037827968597
0.6190476190476191,0.015873015873015872,0.0031521283090114594,-0.014278851449489594
0.6190476190476191,0.031746031746031744,0.0008101441781036556,-0.00031154416501522064
0.6190476190476191,0.047619047619047616,0.0020978571847081184,0.007389068603515625
0.6190476190476191,0.06349206349206349,0.005984780378639698,0.007861847057938576
0.6190476190476191,0.07936507936507936,0.007651511579751968,0.015009588561952114
0.6190476190476191,0.09523809523809523,0.007932726293802261,0.0199640691280365
0.6190476190476191,0.1111111111111111,0.009016543626785278,0.019788293167948723
0.6190476190476191,0.12698412698412698,0.005458262749016285,0.019691454246640205
0.6190476190476191,0.14285714285714285,0.0006968104280531406,0.019403478130698204
0.6190476190476191,0.15873015873015872,-0.0022058659233152866,0.021456044167280197
0.6190476190476191,0.1746031746031746,-0.0040559107437729836,0.026616869494318962
0.6190476190476191,0.19047619047619047,-0.002831018064171076,0.027424711734056473
0.6190476190476191,0.20634920634920634,0.0006145715015009046,0.024174906313419342
0.6190476190476191,0.2222222222222222,0.004890310578048229,0.017879342660307884
0.6190476190476191,0.23809523809523808,0.011566624976694584,-0.0023798018228262663
0.6190476190476191,0.25396825396825395,-0.0051857721991837025,0.039925526827573776
0.6190476190476191,0.2698412698412698,-0.00194559246301651,0.03374731168150902
0.6190476190476191,0.2857142857142857,0.016218265518546104,-0.008190592750906944
0.6190476190476191,0.30158730158730157,0.016133300960063934,-0.022921588271856308
0.6190476190476191,0.31746031746031744,0.015144240111112595,-0.03608134761452675
0.6190476190476191,0.3333333333333333,0.017701726406812668,-0.04409494996070862
0.6190476190476191,0.3492063492063492,0.01882072165608406,-0.03788517042994499
0.6190476190476191,0.36507936507936506,0.0200429018586874,-0.020827708765864372
0.6190476190476191,0.38095238095238093,0.017345909029245377,-0.024307848885655403
0.6190476190476191,0.3968253968253968,0.016193166375160217,-0.009751512669026852
0.6190476190476191,0.4126984126984127,0.018185285851359367,-0.006928277667611837
0.6190476190476191,0.42857142857142855,0.022287847474217415,-0.014101069420576096
0.6190476190476191,0.4444444444444444,0.025052696466445923,-0.014679650776088238
0.6190476190476191,0.4603174603174603,0.019471054896712303,0.0005408463184721768
0.6190476190476191,0.47619047619047616,0.015819024294614792,0.007515048608183861
0.6190476190476191,0.49206349206349204,0.010234476067125797,0.00811913050711155
0.6190476190476191,0.5079365079365079,0.00770154781639576,0.0034464846830815077
0.6190476190476191,0.5238095238095237,0.009925251826643944,-0.00046229787403717637
0.6190476190476191,0.5396825396825397,0.011972220614552498,-0.004382545594125986
0.6190476190476191,0.5555555555555556,0.013985561206936836,-0.008459734730422497
0.6190476190476191,0.5714285714285714,0.01753082498908043,-0.005794593598693609
0.6190476190476191,0.5873015873015872,0.020346231758594513,-0.0008200118318200111
0.6190476190476191,0.6031746031746031,0.023455768823623657,0.0021007657051086426
0.6190476190476191,0.6190476190476191,0.026733456179499626,-0.0014016409404575825
0.6190476190476191,0.6349206349206349,0.025247961282730103,-3.721174653037451e-05
0.6190476190476191,0.6507936507936507,0.02268272638320923,-0.0011786805698648095
0.6190476190476191,0.6666666666666666,0.02450445480644703,-0.0004173764318693429
0.6190476190476191,0.6825396825396826,0.028493445366621017,0.00011499793617986143
0.6190476190476191,0.6984126984126984,0.032317813485860825,0.0028755387756973505
0.6190476190476191,0.7142857142857142,0.027397677302360535,0.01661587879061699
0.6190476190476191,0.7301587301587301,0.017869530245661736,0.03253130242228508
0.6190476190476191,0.746031746031746,0.016740961000323296,0.038206204771995544
0.6190476190476191,0.7619047619047619,0.01725156605243683,0.029942229390144348
0.6190476190476191,0.7777777777777777,0.01910860277712345,0.030856959521770477
0.6190476190476191,0.7936507936507936,0.02270500361919403,0.03654436767101288
0.6190476190476191,0.8095238095238095,0.02638106606900692,0.03865153342485428
0.6190476190476191,0.8253968253968254,0.02837977185845375,0.03374679759144783
0.6190476190476191,0.8412698412698412,0.031063441187143326,0.02569282427430153
0.6190476190476191,0.8571428571428571,0.03262172266840935,0.024461286142468452
0.6190476190476191,0.873015873015873,0.03101612813770771,0.026403609663248062
0.6190476190476191,0.8888888888888888,0.02868739143013954,0.02795289270579815
0.6190476190476191,0.9047619047619047,0.02870120480656624,0.030877795070409775
0.6190476190476191,0.9206349206349206,0.0322205014526844,0.0332648828625679
0.6190476190476191,0.9365079365079365,0.03294399380683899,0.038409579545259476
0.6190476190476191,0.9523809523809523,0.03146234527230263,0.04242771863937378
0.6190476190476191,0.9682539682539681,0.03155433386564255,0.041585881263017654
0.6190476190476191,0.9841269841269841,0.03154805675148964,0.03573459014296532
0.6190476190476191,1.0,0.0305605661123991,0.02515709586441517
0.6349206349206349,0.0,0.012027924880385399,-0.03247518464922905
0.6349206349206349,0.015873015873015872,0.008266306482255459,-0.024005776271224022
0.6349206349206349,0.031746031746031744,0.004548989702016115,-0.009941551834344864
0.6349206349206349,0.047619047619047616,0.005326061509549618,-0.0028257064986974
0.6349206349206349,0.06349206349206349,0.006464422680437565,0.0009575921576470137
0.6349206349206349,0.07936507936507936,0.006988933775573969,0.01171464379876852
0.6349206349206349,0.09523809523809523,0.008921070024371147,0.01543052401393652
0.6349206349206349,0.1111111111111111,0.010290179401636124,0.013474302366375923
0.6349206349206349,0.12698412698412698,0.006458786316215992,0.01635359600186348
0.6349206349206349,0.14285714285714285,0.004048717208206654,0.025629598647356033
0.6349206349206349,0.15873015873015872,0.0036870331969112158,0.027215100824832916
0.6349206349206349,0.1746031746031746,0.0028606667183339596,0.03003743663430214
0.6349206349206349,0.19047619047619047,0.002245830837637186,0.028962502256035805
0.6349206349206349,0.20634920634920634,0.0023276025895029306,0.029936503618955612
0.6349206349206349,0.2222222222222222,0.004851842764765024,0.017294669523835182
0.6349206349206349,0.23809523809523808,0.010575505904853344,0.0005611194646917284
0.6349206349206349,0.25396825396825395,0.00017754377040546387,0.03213479369878769
0.6349206349206349,0.2698412698412698,0.006503536831587553,0.024207552894949913
0.6349206349206349,0.2857142857142857,0.02509027160704136,-0.017757372930645943
0.6349206349206349,0.30158730158730157,0.02079795114696026,-0.03445923700928688
0.6349206349206349,0.31746031746031744,0.01803947612643242,-0.044584307819604874
0.6349206349206349,0.3333333333333333,0.01943320594727993,-0.04864700511097908
0.6349206349206349,0.3492063492063492,0.01857743412256241,-0.03631080314517021
0.6349206349206349,0.36507936507936506,0.019281698390841484,-0.02845105342566967
0.6349206349206349,0.38095238095238093,0.0166962668299675,-0.02492191456258297
0.6349206349206349,0.3968253968253968,0.015317637473344803,-0.006635688245296478
0.6349206349206349,0.4126984126984127,0.018797948956489563,-0.006791779771447182
0.6349206349206349,0.42857142857142855,0.02025012858211994,-0.015235627070069313
0.6349206349206349,0.4444444444444444,0.02455160580575466,-0.018269412219524384
0.6349206349206349,0.4603174603174603,0.021336890757083893,-0.009387293830513954
0.6349206349206349,0.47619047619047616,0.018105652183294296,-0.004257699009031057
0.6349206349206349,0.49206349206349204,0.012423905543982983,-0.00031070251134224236
0.6349206349206349,0.5079365079365079,0.008918478153645992,-0.001786677399650216
0.6349206349206349,0.5238095238095237,0.010826091282069683,-0.0034163552336394787
0.6349206349206349,0.5396825396825397,0.012009470723569393,-0.008581767790019512
0.6349206349206349,0.5555555555555556,0.014819989912211895,-0.014254523441195488
0.6349206349206349,0.5714285714285714,0.017750773578882217,-0.010355455800890923
0.6349206349206349,0.5873015873015872,0.019390150904655457,-0.0030109959188848734
0.6349206349206349,0.6031746031746031,0.0242634117603302,-0.001102376147173345
0.6349206349206349,0.6190476190476191,0.029150325804948807,-0.004881419241428375
0.6349206349206349,0.6349206349206349,0.026731347665190697,-0.004574018996208906
0.6349206349206349,0.6507936507936507,0.02400452084839344,-0.008296281099319458
0.6349206349206349,0.6666666666666666,0.028448892757296562,-0.004966330248862505
0.6349206349206349,0.6825396825396826,0.03086450882256031,-0.004200968891382217
0.6349206349206349,0.6984126984126984,0.03393279388546944,-0.0015960971359163523
0.6349206349206349,0.7142857142857142,0.02776079997420311,0.014108238741755486
0.6349206349206349,0.7301587301587301,0.01895153522491455,0.028185786679387093
0.6349206349206349,0.746031746031746,0.01646912284195423,0.038043610751628876
0.6349206349206349,0.7619047619047619,0.015904853120446205,0.03451647236943245
0.6349206349206349,0.7777777777777777,0.01923331432044506,0.03137892112135887
0.6349206349206349,0.7936507936507936,0.026314901188015938,0.03044629842042923
0.6349206349206349,0.8095238095238095,0.029712431132793427,0.032992228865623474
0.6349206349206349,0.8253968253968254,0.028735563158988953,0.03198175132274628
0.6349206349206349,0.8412698412698412,0.032699104398489,0.02313028834760189
0.6349206349206349,0.8571428571428571,0.03357483446598053,0.022755220532417297
0.6349206349206349,0.873015873015873,0.03295155614614487,0.02376331388950348
0.6349206349206349,0.8888888888888888,0.030972866341471672,0.027075916528701782
0.6349206349206349,0.9047619047619047,0.0300572719424963,0.030713573098182678
0.6349206349206349,0.9206349206349206,0.0333724245429039,0.03199278563261032
0.6349206349206349,0.9365079365079365,0.03516239672899246,0.03607245534658432
0.6349206349206349,0.9523809523809523,0.03419698402285576,0.04177381470799446
0.6349206349206349,0.9682539682539681,0.03398367017507553,0.04047515243291855
0.6349206349206349,0.9841269841269841,0.03437505289912224,0.04121975600719452
0.6349206349206349,1.0,0.03398517891764641,0.03802333399653435
0.6507936507936507,0.0,0.0068535818718373775,-0.028249459341168404
0.6507936507936507,0.015873015873015872,0.00568415317684412,-0.02511373534798622
0.6507936507936507,0.031746031746031744,0.002888689748942852,-0.0157853402197361
0.6507936507936507,0.047619047619047616,0.001161416177637875,-0.006623806431889534
0.6507936507936507,0.06349206349206349,0.002927935915067792,-0.0044385273940861225
0.6507936507936507,0.07936507936507936,0.004099149256944656,0.00799770001322031
0.6507936507936507,0.09523809523809523,0.006778522860258818,0.009857402183115482
0.6507936507936507,0.1111111111111111,0.008005094714462757,0.007081305608153343
0.6507936507936507,0.12698412698412698,0.005117518827319145,0.01023177057504654
0.6507936507936507,0.14285714285714285,0.012021895498037338,0.016295120120048523
0.6507936507936507,0.15873015873015872,0.008503751829266548,0.02682841196656227
0.6507936507936507,0.1746031746031746,0.004586287774145603,0.03075108863413334
0.6507936507936507,0.19047619047619047,0.0035379258915781975,0.02835266664624214
0.6507936507936507,0.20634920634920634,-0.001715234131552279,0.022853262722492218
0.6507936507936507,0.2222222222222222,-0.0005817675264552236,0.007289935369044542
0.6507936507936507,0.23809523809523808,0.007146875839680433,-0.004098753444850445
0.6507936507936507,0.25396825396825395,0.004010743461549282,0.01586005836725235
0.6507936507936507,0.2698412698412698,0.0181674025952816,0.01174571830779314
0.6507936507936507,0.2857142857142857,0.021389691159129143,-0.01945272646844387
0.6507936507936507,0.30158730158730157,0.01487609464675188,-0.03197340667247772
0.6507936507936507,0.31746031746031744,0.014212392270565033,-0.04617912694811821
0.6507936507936507,0.3333333333333333,0.014272240921854973,-0.05077863112092018
0.6507936507936507,0.3492063492063492,0.014126083813607693,-0.045755546540021896
0.6507936507936507,0.36507936507936506,0.014617668464779854,-0.039709437638521194
0.6507936507936507,0.38095238095238093,0.013006971217691898,-0.02454323135316372
0.6507936507936507,0.3968253968253968,0.012115685269236565,-0.008485609665513039
0.6507936507936507,0.4126984126984127,0.017436807975172997,-0.012403236702084541
0.6507936507936507,0.42857142857142855,0.015690982341766357,-0.017085935920476913
0.6507936507936507,0.4444444444444444,0.019266070798039436,-0.0209250096231699
0.6507936507936507,0.4603174603174603,0.01740190200507641,-0.008862059563398361
0.6507936507936507,0.47619047619047616,0.015781022608280182,-0.010785792954266071
0.6507936507936507,0.49206349206349204,0.01156269758939743,-0.01252389419823885
0.6507936507936507,0.5079365079365079,0.007349998690187931,-0.01192823238670826
0.6507936507936507,0.5238095238095237,0.007288079708814621,-0.014171791262924671
0.6507936507936507,0.5396825396825397,0.008670870214700699,-0.015004249289631844
0.6507936507936507,0.5555555555555556,0.011682686395943165,-0.018355432897806168
0.6507936507936507,0.5714285714285714,0.013843484222888947,-0.012293425388634205
0.6507936507936507,0.5873015873015872,0.015318815596401691,-0.004190043080598116
0.6507936507936507,0.6031746031746031,0.020126357674598694,-0.0021433690562844276
0.6507936507936507,0.6190476190476191,0.025683727115392685,-0.0065127029083669186
0.6507936507936507,0.6349206349206349,0.02350761368870735,-0.008048572577536106
0.6507936507936507,0.6507936507936507,0.02183719165623188,-0.011803334578871727
0.6507936507936507,0.6666666666666666,0.026923872530460358,-0.006599252577871084
0.6507936507936507,0.6825396825396826,0.029038075357675552,-0.006512372754514217
0.6507936507936507,0.6984126984126984,0.03034874238073826,-0.002366526983678341
0.6507936507936507,0.7142857142857142,0.023230724036693573,0.01402474194765091
0.6507936507936507,0.7301587301587301,0.014657760970294476,0.027761660516262054
0.6507936507936507,0.746031746031746,0.013555865734815598,0.03470451012253761
0.6507936507936507,0.7619047619047619,0.010716574266552925,0.03833101689815521
0.6507936507936507,0.7777777777777777,0.011997791938483715,0.035649411380290985
0.6507936507936507,0.7936507936507936,0.021027078852057457,0.03167366236448288
0.6507936507936507,0.8095238095238095,0.02385210618376732,0.03068074956536293
0.6507936507936507,0.8253968253968254,0.0260411836206913,0.02672094665467739
0.6507936507936507,0.8412698412698412,0.02986810728907585,0.018840361386537552
0.6507936507936507,0.8571428571428571,0.03082089312374592,0.019457653164863586
0.6507936507936507,0.873015873015873,0.03065030835568905,0.02066797763109207
0.6507936507936507,0.8888888888888888,0.028668448328971863,0.024606332182884216
0.6507936507936507,0.9047619047619047,0.030309094116091728,0.026844816282391548
0.6507936507936507,0.9206349206349206,0.030319537967443466,0.02900458127260208
0.6507936507936507,0.9365079365079365,0.030395694077014923,0.03345831483602524
0.6507936507936507,0.9523809523809523,0.029472295194864273,0.03855684772133827
0.6507936507936507,0.9682539682539681,0.031162282451987267,0.03625068813562393
0.6507936507936507,0.9841269841269841,0.03207692503929138,0.026596803218126297
0.6507936507936507,1.0,0.032212529331445694,0.02828378789126873
0.6666666666666666,0.0,-0.003616805886849761,-0.030317043885588646
0.6666666666666666,0.015873015873015872,-0.004633416421711445,-0.01929883100092411
0.6666666666666666,0.031746031746031744,-0.00602814881131053,-0.01052728109061718
0.6666666666666666,0.047619047619047616,-0.006346857640892267,-0.004243533592671156
0.6666666666666666,0.06349206349206349,-0.004055355675518513,-0.00201485981233418
0.6666666666666666,0.07936507936507936,-0.0017633623210713267,0.0070474459789693356
0.6666666666666666,0.09523809523809523,0.0016137721249833703,0.0055761816911399364
0.6666666666666666,0.1111111111111111,0.004024091642349958,0.0028829879593104124
0.6666666666666666,0.12698412698412698,0.007163778878748417,-0.0081018703058362
0.6666666666666666,0.14285714285714285,0.014249488711357117,0.002729130210354924
0.6666666666666666,0.15873015873015872,0.012590272352099419,0.011849869973957539
0.6666666666666666,0.1746031746031746,0.00026712441467680037,0.022647995501756668
0.6666666666666666,0.19047619047619047,-0.004503301810473204,0.01241493783891201
0.6666666666666666,0.20634920634920634,-0.010018649511039257,-0.0010411891853436828
0.6666666666666666,0.2222222222222222,-0.00725875748321414,-0.00174589769449085
0.6666666666666666,0.23809523809523808,0.0014933074126020074,-0.0071044182404875755
0.6666666666666666,0.25396825396825395,0.007132017053663731,0.009542223066091537
0.6666666666666666,0.2698412698412698,0.02512493170797825,-0.006159092299640179
0.6666666666666666,0.2857142857142857,0.013849986717104912,-0.016673682257533073
0.6666666666666666,0.30158730158730157,0.005087115801870823,-0.02752666547894478
0.6666666666666666,0.31746031746031744,0.006096696946769953,-0.0469198003411293
0.6666666666666666,0.3333333333333333,0.007644336204975843,-0.05145558342337608
0.6666666666666666,0.3492063492063492,0.007743893191218376,-0.04768123850226402
0.6666666666666666,0.36507936507936506,0.0073611121624708176,-0.03871065750718117
0.6666666666666666,0.38095238095238093,0.006759492680430412,-0.023341011255979538
0.6666666666666666,0.3968253968253968,0.00815840344876051,-0.013238774612545967
0.6666666666666666,0.4126984126984127,0.011109290644526482,-0.01406693272292614
0.6666666666666666,0.42857142857142855,0.0072137597016990185,-0.012499199248850346
0.6666666666666666,0.4444444444444444,0.008174368180334568,-0.016722746193408966
0.6666666666666666,0.4603174603174603,0.00578682217746973,0.008001049049198627
0.6666666666666666,0.47619047619047616,0.007234072312712669,-0.007065565325319767
0.6666666666666666,0.49206349206349204,0.005579196847975254,-0.01802557148039341
0.6666666666666666,0.5079365079365079,0.0021060307044535875,-0.020258931443095207
0.6666666666666666,0.5238095238095237,0.0015435118693858385,-0.021299559623003006
0.6666666666666666,0.5396825396825397,0.0018490564543753862,-0.02043759636580944
0.6666666666666666,0.5555555555555556,0.0015409874031320214,-0.015502787195146084
0.6666666666666666,0.5714285714285714,0.0026082133408635855,-0.005554054398089647
0.6666666666666666,0.5873015873015872,0.005486876703798771,0.0021938986610621214
0.6666666666666666,0.6031746031746031,0.007448696531355381,0.004097181372344494
0.6666666666666666,0.6190476190476191,0.02635515108704567,-0.005444536451250315
0.6666666666666666,0.6349206349206349,0.02319985441863537,-0.008661732077598572
0.6666666666666666,0.6507936507936507,0.020999843254685402,-0.010890469886362553
0.6666666666666666,0.6666666666666666,0.02199791744351387,-0.0047474089078605175
0.6666666666666666,0.6825396825396826,0.02220374159514904,-0.002599831437692046
0.6666666666666666,0.6984126984126984,0.01981322467327118,0.003182693151757121
0.6666666666666666,0.7142857142857142,0.012980283237993717,0.019797412678599358
0.6666666666666666,0.7301587301587301,0.009224725887179375,0.027401288971304893
0.6666666666666666,0.746031746031746,0.008517956361174583,0.032450515776872635
0.6666666666666666,0.7619047619047619,0.009239460341632366,0.03965916112065315
0.6666666666666666,0.7777777777777777,0.006038013380020857,0.03949633985757828
0.6666666666666666,0.7936507936507936,0.010783175937831402,0.03453519567847252
0.6666666666666666,0.8095238095238095,0.014403445646166801,0.029855795204639435
0.6666666666666666,0.8253968253968254,0.019305789843201637,0.023733416572213173
0.6666666666666666,0.8412698412698412,0.02301901951432228,0.015093418769538403
0.6666666666666666,0.8571428571428571,0.024324385449290276,0.014837346971035004
0.6666666666666666,0.873015873015873,0.022826282307505608,0.02138671837747097
0.6666666666666666,0.8888888888888888,0.02141466550529003,0.024854253977537155
0.6666666666666666,0.9047619047619047,0.020495912060141563,0.028593208640813828
0.6666666666666666,0.9206349206349206,0.019383227452635765,0.03002837859094143
0.6666666666666666,0.9365079365079365,0.019096625968813896,0.03402303159236908
0.6666666666666666,0.9523809523809523,0.02106269635260105,0.03473711386322975
0.6666666666666666,0.9682539682539681,0.022335035726428032,0.03171705827116966
0.6666666666666666,0.9841269841269841,0.023300854489207268,0.019180698320269585
0.6666666666666666,1.0,0.021344507113099098,0.01831830106675625
0.6825396825396826,0.0,-0.015895934775471687,-0.028342681005597115
0.6825396825396826,0.015873015873015872,-0.017029598355293274,-0.01449854951351881
0.6825396825396826,0.031746031746031744,-0.018678931519389153,-0.000432280998211354
0.6825396825396826,0.047619047619047616,-0.017897024750709534,0.0016622617840766907
0.6825396825396826,0.06349206349206349,-0.014799235388636589,0.005811125971376896
0.6825396825396826,0.07936507936507936,-0.01058245450258255,0.010695639066398144
0.6825396825396826,0.09523809523809523,-0.006189223378896713,0.006818842608481646
0.6825396825396826,0.1111111111111111,-0.0043677594512701035,4.2447136365808547e-05
0.6825396825396826,0.12698412698412698,0.0004725441394839436,-0.004939020145684481
0.6825396825396826,0.14285714285714285,0.006538907531648874,0.00020741106709465384
0.6825396825396826,0.15873015873015872,0.005402326118201017,-0.008876697160303593
0.6825396825396826,0.1746031746031746,-0.007225922308862209,0.0011782218934968114
0.6825396825396826,0.19047619047619047,-0.014427796006202698,-0.0004977863864041865
0.6825396825396826,0.20634920634920634,-0.015268172137439251,-0.003928582649677992
0.6825396825396826,0.2222222222222222,-0.012973804958164692,-0.0031520279590040445
0.6825396825396826,0.23809523809523808,-0.007240557577461004,-0.005369591526687145
0.6825396825396826,0.25396825396825395,0.009558482095599174,-0.003525752341374755
0.6825396825396826,0.2698412698412698,0.01401856355369091,-0.022262105718255043
0.6825396825396826,0.2857142857142857,0.002650325885042548,-0.026405081152915955
0.6825396825396826,0.30158730158730157,-0.0048935990780591965,-0.033678486943244934
0.6825396825396826,0.31746031746031744,-0.0015065313782542944,-0.04218030720949173
0.6825396825396826,0.3333333333333333,0.00033005993464030325,-0.04783205687999725
0.6825396825396826,0.3492063492063492,0.0001903726370073855,-0.0462915301322937
0.6825396825396826,0.36507936507936506,-0.0009492735262028873,-0.036748699843883514
0.6825396825396826,0.38095238095238093,-0.001714435638859868,-0.02040071040391922
0.6825396825396826,0.3968253968253968,0.00031951552955433726,-0.011639867909252644
0.6825396825396826,0.4126984126984127,0.003095364896580577,-0.007101382128894329
0.6825396825396826,0.42857142857142855,-0.0021922760643064976,0.002060984494164586
0.6825396825396826,0.4444444444444444,-0.00015572384290862828,-0.01123757567256689
0.6825396825396826,0.4603174603174603,-0.006766531150788069,0.016164932399988174
0.6825396825396826,0.47619047619047616,-0.00483426870778203,-0.006151904352009296
0.6825396825396826,0.49206349206349204,-0.004137262236326933,-0.01531880535185337
0.6825396825396826,0.5079365079365079,-0.006821691524237394,-0.020006999373435974
0.6825396825396826,0.5238095238095237,-0.009002802893519402,-0.021213628351688385
0.6825396825396826,0.5396825396825397,-0.01043081283569336,-0.016170259565114975
0.6825396825396826,0.5555555555555556,-0.012353893369436264,-0.005497443489730358
0.6825396825396826,0.5714285714285714,-0.001605859026312828,-0.004124615341424942
0.6825396825396826,0.5873015873015872,0.01060930173844099,-0.003475763136520982
0.6825396825396826,0.6031746031746031,0.0030503827147185802,0.006642617285251617
0.6825396825396826,0.6190476190476191,0.021494245156645775,0.0031216603238135576
0.6825396825396826,0.6349206349206349,0.020703576505184174,-0.004655860830098391
0.6825396825396826,0.6507936507936507,0.020940935239195824,-0.0027581893373280764
0.6825396825396826,0.6666666666666666,0.0151655999943614,0.00047595647629350424
0.6825396825396826,0.6825396825396826,0.010147028602659702,0.0044412873685359955
0.6825396825396826,0.6984126984126984,0.005492921452969313,0.01160523947328329
0.6825396825396826,0.7142857142857142,-0.002162444405257702,0.03270822763442993
0.6825396825396826,0.7301587301587301,0.000989598804153502,0.02552386187016964
0.6825396825396826,0.746031746031746,0.007746138609945774,0.03874179720878601
0.6825396825396826,0.7619047619047619,0.01298552006483078,0.0444302037358284
0.6825396825396826,0.7777777777777777,0.008306896314024925,0.04061717167496681
0.6825396825396826,0.7936507936507936,-0.002060975879430771,0.045451853424310684
0.6825396825396826,0.8095238095238095,0.00470495130866766,0.03604224696755409
0.6825396825396826,0.8253968253968254,0.010072111152112484,0.025893526151776314
0.6825396825396826,0.8412698412698412,0.012919723987579346,0.014311124570667744
0.6825396825396826,0.8571428571428571,0.01219393964856863,0.01612737774848938
0.6825396825396826,0.873015873015873,0.012598644010722637,0.02202215977013111
0.6825396825396826,0.8888888888888888,0.013823427259922028,0.021319782361388206
0.6825396825396826,0.9047619047619047,0.011139081791043282,0.02834000252187252
0.6825396825396826,0.9206349206349206,0.005399066489189863,0.038140468299388885
0.6825396825396826,0.9365079365079365,0.005557255819439888,0.03629679977893829
0.6825396825396826,0.9523809523809523,0.007080315612256527,0.03397868201136589
0.6825396825396826,0.9682539682539681,0.008353112265467644,0.02908254973590374
0.6825396825396826,0.9841269841269841,0.008561006747186184,0.02487778663635254
0.6825396825396826,1.0,0.006815830711275339,0.025489401072263718
0.6984126984126984,0.0,-0.025538191199302673,-0.03037131205201149
0.6984126984126984,0.015873015873015872,-0.024805035442113876,-0.013560635969042778
0.6984126984126984,0.031746031746031744,-0.02635190449655056,0.008401939645409584
0.6984126984126984,0.047619047619047616,-0.02622375264763832,0.008639747276902199
0.6984126984126984,0.06349206349206349,-0.02458692528307438,0.01737680472433567
0.6984126984126984,0.07936507936507936,-0.019868556410074234,0.01820630580186844
0.6984126984126984,0.09523809523809523,-0.013999204151332378,0.012092191725969315
0.6984126984126984,0.1111111111111111,-0.013008627109229565,0.004591160919517279
0.6984126984126984,0.12698412698412698,-0.012584014795720577,-0.0013814783887937665
0.6984126984126984,0.14285714285714285,-0.010574408806860447,0.009714145213365555
0.6984126984126984,0.15873015873015872,-0.008960028178989887,0.0016761320875957608
0.6984126984126984,0.1746031746031746,-0.01525320764631033,0.010078469291329384
0.6984126984126984,0.19047619047619047,-0.02065378613770008,0.005451923236250877
0.6984126984126984,0.20634920634920634,-0.0192043948918581,-0.0015222163638100028
0.6984126984126984,0.2222222222222222,-0.019130917266011238,-0.0023765936493873596
0.6984126984126984,0.23809523809523808,-0.01777942106127739,-0.002714967355132103
0.6984126984126984,0.25396825396825395,0.0014162595616653562,-0.00859043188393116
0.6984126984126984,0.2698412698412698,0.0024843255523592234,-0.023750577121973038
0.6984126984126984,0.2857142857142857,-0.0011052729096263647,-0.029808662831783295
0.6984126984126984,0.30158730158730157,-0.012099743820726871,-0.02528974413871765
0.6984126984126984,0.31746031746031744,-0.008310073055326939,-0.03565109893679619
0.6984126984126984,0.3333333333333333,-0.006746155209839344,-0.04370773211121559
0.6984126984126984,0.3492063492063492,-0.0068746693432331085,-0.0434313528239727
0.6984126984126984,0.36507936507936506,-0.0076943798922002316,-0.033705104142427444
0.6984126984126984,0.38095238095238093,-0.008135064505040646,-0.01734980195760727
0.6984126984126984,0.3968253968253968,-0.006794529967010021,-0.004504921846091747
0.6984126984126984,0.4126984126984127,-0.00018000483396463096,-0.0011640615994110703
0.6984126984126984,0.42857142857142855,-0.006507066078484058,0.010285468772053719
0.6984126984126984,0.4444444444444444,0.0007876632735133171,-0.009958549402654171
0.6984126984126984,0.4603174603174603,-0.010256114415824413,0.0035095231141895056
0.6984126984126984,0.47619047619047616,-0.01376933790743351,-0.0016349038342013955
0.6984126984126984,0.49206349206349204,-0.0141230383887887,-0.009440144523978233
0.6984126984126984,0.5079365079365079,-0.017124367877840996,-0.013871288858354092
0.6984126984126984,0.5238095238095237,-0.019080333411693573,-0.012178999371826649
0.6984126984126984,0.5396825396825397,-0.020668918266892433,-0.005058685317635536
0.6984126984126984,0.5555555555555556,-0.018035806715488434,0.0025095834862440825
0.6984126984126984,0.5714285714285714,-0.00484522245824337,-0.0020332003477960825
0.6984126984126984,0.5873015873015872,0.014738750644028187,-0.010563315823674202
0.6984126984126984,0.6031746031746031,0.0010986083652824163,0.01621825620532036
0.6984126984126984,0.6190476190476191,0.007023944053798914,0.023594211786985397
0.6984126984126984,0.6349206349206349,0.011525537818670273,0.01403078157454729
0.6984126984126984,0.6507936507936507,0.008642871864140034,0.01113176066428423
0.6984126984126984,0.6666666666666666,0.0032632339280098677,0.01034962385892868
0.6984126984126984,0.6825396825396826,-0.0012470391811802983,0.012836063280701637
0.6984126984126984,0.6984126984126984,-0.00810075644403696,0.025142759084701538
0.6984126984126984,0.7142857142857142,-0.013765747658908367,0.04648062214255333
0.6984126984126984,0.7301587301587301,-0.008249146863818169,0.04021806642413139
0.6984126984126984,0.746031746031746,0.00999231357127428,0.0439424142241478
0.6984126984126984,0.7619047619047619,0.014920389279723167,0.04349946230649948
0.6984126984126984,0.7777777777777777,0.0040080612525343895,0.04713047668337822
0.6984126984126984,0.7936507936507936,-0.012699700891971588,0.053391918540000916
0.6984126984126984,0.8095238095238095,-0.005796385928988457,0.043779097497463226
0.6984126984126984,0.8253968253968254,-0.0008114214870147407,0.032570093870162964
0.6984126984126984,0.8412698412698412,0.0014932218473404646,0.01883040927350521
0.6984126984126984,0.8571428571428571,0.002314681187272072,0.021392421796917915
0.6984126984126984,0.873015873015873,0.004294788930565119,0.024239983409643173
0.6984126984126984,0.8888888888888888,0.006395273841917515,0.023312628269195557
0.6984126984126984,0.9047619047619047,0.002899331972002983,0.03415895998477936
0.6984126984126984,0.9206349206349206,-0.0017478694207966328,0.04360835999250412
0.6984126984126984,0.9365079365079365,-0.0039824023842811584,0.04211259260773659
0.6984126984126984,0.9523809523809523,-0.0036119830328971148,0.03870883956551552
0.6984126984126984,0.9682539682539681,-0.002700962359085679,0.03457557410001755
0.6984126984126984,0.9841269841269841,-0.003622812917456031,0.034901682287454605
0.6984126984126984,1.0,-0.004716088995337486,0.03669694811105728
0.7142857142857142,0.0,-0.026306673884391785,-0.03306807205080986
0.7142857142857142,0.015873015873015872,-0.02650032751262188,-0.008254614658653736
0.7142857142857142,0.031746031746031744,-0.028183147311210632,0.009889857843518257
0.7142857142857142,0.047619047619047616,-0.027218855917453766,0.013029157184064388
0.7142857142857142,0.06349206349206349,-0.026535868644714355,0.02390958182513714
0.7142857142857142,0.07936507936507936,-0.022661050781607628,0.023155689239501953
0.7142857142857142,0.09523809523809523,-0.016791408881545067,0.015989871695637703
0.7142857142857142,0.1111111111111111,-0.014493950642645359,0.013460124842822552
0.7142857142857142,0.12698412698412698,-0.017632657662034035,0.006250189151614904
0.7142857142857142,0.14285714285714285,-0.024363219738006592,0.01071754191070795
0.7142857142857142,0.15873015873015872,-0.021422745659947395,0.016006041318178177
0.7142857142857142,0.1746031746031746,-0.0223544891923666,0.019013242796063423
0.7142857142857142,0.19047619047619047,-0.022010721266269684,0.012919777072966099
0.7142857142857142,0.20634920634920634,-0.021409083157777786,0.002962101949378848
0.7142857142857142,0.2222222222222222,-0.024799887090921402,-0.000889392860699445
0.7142857142857142,0.23809523809523808,-0.023622851818799973,-0.0005357492482289672
0.7142857142857142,0.25396825396825395,-0.004606502130627632,-0.009295031428337097
0.7142857142857142,0.2698412698412698,-0.008097875863313675,-0.014339548535645008
0.7142857142857142,0.2857142857142857,-0.006430293899029493,-0.026258638128638268
0.7142857142857142,0.30158730158730157,-0.014911753125488758,-0.017370959743857384
0.7142857142857142,0.31746031746031744,-0.009687644429504871,-0.03383798152208328
0.7142857142857142,0.3333333333333333,-0.008830707520246506,-0.04135986417531967
0.7142857142857142,0.3492063492063492,-0.009103717282414436,-0.041799407452344894
0.7142857142857142,0.36507936507936506,-0.009560590609908104,-0.032456737011671066
0.7142857142857142,0.38095238095238093,-0.00931866466999054,-0.014410872012376785
0.7142857142857142,0.3968253968253968,-0.008339312858879566,0.0021706148982048035
0.7142857142857142,0.4126984126984127,-0.0020620119757950306,0.0016387667274102569
0.7142857142857142,0.42857142857142855,-0.003156607272103429,0.0033581401221454144
0.7142857142857142,0.4444444444444444,-0.0001568506850162521,-0.006197087932378054
0.7142857142857142,0.4603174603174603,-0.01433579158037901,0.0019758737180382013
0.7142857142857142,0.47619047619047616,-0.01857917569577694,0.0007013916037976742
0.7142857142857142,0.49206349206349204,-0.01929599605500698,-0.007027425803244114
0.7142857142857142,0.5079365079365079,-0.021434247493743896,-0.008612072095274925
0.7142857142857142,0.5238095238095237,-0.022055942565202713,-0.006196767091751099
0.7142857142857142,0.5396825396825397,-0.021911833435297012,-0.0003271910536568612
0.7142857142857142,0.5555555555555556,-0.01925179734826088,0.00930157583206892
0.7142857142857142,0.5714285714285714,-0.012666013091802597,0.00876206811517477
0.7142857142857142,0.5873015873015872,0.0053093647584319115,-0.0007492220029234886
0.7142857142857142,0.6031746031746031,-0.008761617355048656,0.031296346336603165
0.7142857142857142,0.6190476190476191,-0.0028833039104938507,0.03164291009306908
0.7142857142857142,0.6349206349206349,-0.0030209787655621767,0.023016437888145447
0.7142857142857142,0.6507936507936507,-0.0009507033391855657,0.01553881261497736
0.7142857142857142,0.6666666666666666,-0.002242419635877013,0.012950293719768524
0.7142857142857142,0.6825396825396826,-0.006227759178727865,0.016395606100559235
0.7142857142857142,0.6984126984126984,-0.011615497060120106,0.026194915175437927
0.7142857142857142,0.7142857142857142,-0.014978168532252312,0.042523711919784546
0.7142857142857142,0.7301587301587301,-0.010016716085374355,0.04017237201333046
0.7142857142857142,0.746031746031746,0.0025726493913680315,0.04698808863759041
0.7142857142857142,0.7619047619047619,-0.0021566397044807673,0.05534055083990097
0.7142857142857142,0.7777777777777777,-0.012247549369931221,0.05902407690882683
0.7142857142857142,0.7936507936507936,-0.020919132977724075,0.05706343427300453
0.7142857142857142,0.8095238095238095,-0.013313401490449905,0.04743517190217972
0.7142857142857142,0.8253968253968254,-0.008766242302954197,0.03603192791342735
0.7142857142857142,0.8412698412698412,-0.003992872312664986,0.02230345644056797
0.7142857142857142,0.8571428571428571,-0.0007550697191618383,0.022079704329371452
0.7142857142857142,0.873015873015873,0.0018801139667630196,0.02400059439241886
0.7142857142857142,0.8888888888888888,0.00348279089666903,0.02401251718401909
0.7142857142857142,0.9047619047619047,-9.831572970142588e-05,0.03760567680001259
0.7142857142857142,0.9206349206349206,-0.0040000672452151775,0.04756492003798485
0.7142857142857142,0.9365079365079365,-0.006509066093713045,0.048166658729314804
0.7142857142857142,0.9523809523809523,-0.007074940484017134,0.047784872353076935
0.7142857142857142,0.9682539682539681,-0.006983677390962839,0.04193306714296341
0.7142857142857142,0.9841269841269841,-0.00701183034107089,0.041667960584163666
0.7142857142857142,1.0,-0.00741563830524683,0.04157418757677078
0.7301587301587301,0.0,-0.020865174010396004,-0.02975284680724144
0.7301587301587301,0.015873015873015872,-0.022713711485266685,-0.006362829823046923
0.7301587301587301,0.031746031746031744,-0.025456981733441353,0.005376509856432676
0.7301587301587301,0.047619047619047616,-0.025191670283675194,0.013893239200115204
0.7301587301587301,0.06349206349206349,-0.024033045396208763,0.023683447390794754
0.7301587301587301,0.07936507936507936,-0.02021864242851734,0.023680822923779488
0.7301587301587301,0.09523809523809523,-0.015150992199778557,0.017521273344755173
0.7301587301587301,0.1111111111111111,-0.01207657903432846,0.015082031488418579
0.7301587301587301,0.12698412698412698,-0.014239929616451263,0.017145544290542603
0.7301587301587301,0.14285714285714285,-0.020444780588150024,0.01898973621428013
0.7301587301587301,0.15873015873015872,-0.021004026755690575,0.01872037537395954
0.7301587301587301,0.1746031746031746,-0.02319636568427086,0.020286643877625465
0.7301587301587301,0.19047619047619047,-0.0233239084482193,0.014982149936258793
0.7301587301587301,0.20634920634920634,-0.023557960987091064,0.004911952186375856
0.7301587301587301,0.2222222222222222,-0.02442549169063568,-0.0008419383666478097
0.7301587301587301,0.23809523809523808,-0.022062640637159348,-0.0011879216181114316
0.7301587301587301,0.25396825396825395,-0.010531675070524216,-0.0058862268924713135
0.7301587301587301,0.2698412698412698,-0.017768705263733864,-0.012540209107100964
0.7301587301587301,0.2857142857142857,-0.009349553845822811,-0.02016071230173111
0.7301587301587301,0.30158730158730157,-0.011946337297558784,-0.018899956718087196
0.7301587301587301,0.31746031746031744,-0.00958259217441082,-0.035090282559394836
0.7301587301587301,0.3333333333333333,-0.00913945585489273,-0.04106692224740982
0.7301587301587301,0.3492063492063492,-0.009084312245249748,-0.041355736553668976
0.7301587301587301,0.36507936507936506,-0.009254655800759792,-0.0334199033677578
0.7301587301587301,0.38095238095238093,-0.009151519276201725,-0.013848157599568367
0.7301587301587301,0.3968253968253968,-0.008084917441010475,0.0045587061904370785
0.7301587301587301,0.4126984126984127,-0.005618814844638109,0.01059710793197155
0.7301587301587301,0.42857142857142855,-6.118759483797476e-05,0.0028347985353320837
0.7301587301587301,0.4444444444444444,-0.003103160299360752,-0.0006832538638263941
0.7301587301587301,0.4603174603174603,-0.017798373475670815,0.011820594780147076
0.7301587301587301,0.47619047619047616,-0.019132792949676514,0.002564755966886878
0.7301587301587301,0.49206349206349204,-0.021702032536268234,-0.00538809597492218
0.7301587301587301,0.5079365079365079,-0.02350049465894699,-0.007997028529644012
0.7301587301587301,0.5238095238095237,-0.021937914192676544,-0.007097226567566395
0.7301587301587301,0.5396825396825397,-0.018522441387176514,-0.0025670442264527082
0.7301587301587301,0.5555555555555556,-0.016261812299489975,0.004546716343611479
0.7301587301587301,0.5714285714285714,-0.017522431910037994,0.015650037676095963
0.7301587301587301,0.5873015873015872,-0.013452911749482155,0.020459331572055817
0.7301587301587301,0.6031746031746031,-0.00705706188455224,0.021437399089336395
0.7301587301587301,0.6190476190476191,-7.359239680226892e-05,0.013224559836089611
0.7301587301587301,0.6349206349206349,-0.0024760181549936533,0.008542176336050034
0.7301587301587301,0.6507936507936507,-0.0009849542984738946,0.007221699226647615
0.7301587301587301,0.6666666666666666,-0.005167084746062756,0.011034208349883556
0.7301587301587301,0.6825396825396826,-0.007802450563758612,0.01420088205486536
0.7301587301587301,0.6984126984126984,-0.009011786431074142,0.019234366714954376
0.7301587301587301,0.7142857142857142,-0.007949772290885448,0.025620941072702408
0.7301587301587301,0.7301587301587301,-0.007573436945676804,0.028127683326601982
0.7301587301587301,0.746031746031746,-0.007573751267045736,0.03763867914676666
0.7301587301587301,0.7619047619047619,-0.01131296344101429,0.05933188274502754
0.7301587301587301,0.7777777777777777,-0.019327037036418915,0.05633051320910454
0.7301587301587301,0.7936507936507936,-0.02542608231306076,0.05830114334821701
0.7301587301587301,0.8095238095238095,-0.015440487302839756,0.04759681597352028
0.7301587301587301,0.8253968253968254,-0.012121867388486862,0.03722628578543663
0.7301587301587301,0.8412698412698412,-0.006930029951035976,0.021399490535259247
0.7301587301587301,0.8571428571428571,0.0003566057712305337,0.01766902022063732
0.7301587301587301,0.873015873015873,0.004760951269418001,0.022715147584676743
0.7301587301587301,0.8888888888888888,0.005295590963214636,0.025449765846133232
0.7301587301587301,0.9047619047619047,0.0011292204726487398,0.03924332559108734
0.7301587301587301,0.9206349206349206,-0.0013869142858311534,0.04711975157260895
0.7301587301587301,0.9365079365079365,-0.0023035993799567223,0.05316075682640076
0.7301587301587301,0.9523809523809523,-0.004109193570911884,0.05747942626476288
0.7301587301587301,0.9682539682539681,-0.0056466953828930855,0.05393732339143753
0.7301587301587301,0.9841269841269841,-0.004109308123588562,0.04054589942097664
0.7301587301587301,1.0,-0.0031246787402778864,0.039780985563993454
0.746031746031746,0.0,-0.016305111348628998,-0.03212069720029831
0.746031746031746,0.015873015873015872,-0.019515715539455414,-0.012460475787520409
0.746031746031746,0.031746031746031744,-0.02195093408226967,-0.0017593454103916883
0.746031746031746,0.047619047619047616,-0.021826013922691345,0.010202771984040737
0.746031746031746,0.06349206349206349,-0.018813809379935265,0.019866419956088066
0.746031746031746,0.07936507936507936,-0.01415053941309452,0.02140781842172146
0.746031746031746,0.09523809523809523,-0.009953850880265236,0.015523944050073624
0.746031746031746,0.1111111111111111,-0.006740450393408537,0.0111915934830904
0.746031746031746,0.12698412698412698,-0.011176149360835552,0.015237945131957531
0.746031746031746,0.14285714285714285,-0.02162015251815319,0.025484414771199226
0.746031746031746,0.15873015873015872,-0.025130946189165115,0.024675846099853516
0.746031746031746,0.1746031746031746,-0.02511526644229889,0.020628994330763817
0.746031746031746,0.19047619047619047,-0.024991750717163086,0.013749857433140278
0.746031746031746,0.20634920634920634,-0.02120167762041092,0.0035000869538635015
0.746031746031746,0.2222222222222222,-0.01871240697801113,-0.003320495132356882
0.746031746031746,0.23809523809523808,-0.016885196790099144,-0.004001179244369268
0.746031746031746,0.25396825396825395,-0.010319121181964874,-0.005339486058801413
0.746031746031746,0.2698412698412698,-0.01804792322218418,-0.010691517032682896
0.746031746031746,0.2857142857142857,-0.005955495871603489,-0.01629859395325184
0.746031746031746,0.30158730158730157,-0.008091313764452934,-0.02296300232410431
0.746031746031746,0.31746031746031744,-0.006122123450040817,-0.03652799874544144
0.746031746031746,0.3333333333333333,-0.0059049478732049465,-0.04451705142855644
0.746031746031746,0.3492063492063492,-0.005638543516397476,-0.04496200755238533
0.746031746031746,0.36507936507936506,-0.005678023211658001,-0.039315950125455856
0.746031746031746,0.38095238095238093,-0.0061225746758282185,-0.018282566219568253
0.746031746031746,0.3968253968253968,-0.005362930707633495,0.0014715800061821938
0.746031746031746,0.4126984126984127,-0.007251186762005091,0.02075759693980217
0.746031746031746,0.42857142857142855,0.0037504390347748995,0.0028584301471710205
0.746031746031746,0.4444444444444444,-0.0017685593338683248,-0.00027660411433316767
0.746031746031746,0.4603174603174603,-0.010632908903062344,0.012118128128349781
0.746031746031746,0.47619047619047616,-0.014513952657580376,0.0037858441937714815
0.746031746031746,0.49206349206349204,-0.019509207457304,-0.0049290102906525135
0.746031746031746,0.5079365079365079,-0.02167356014251709,-0.008412742055952549
0.746031746031746,0.5238095238095237,-0.019932515919208527,-0.009793338365852833
0.746031746031746,0.5396825396825397,-0.015783851966261864,-0.004994066897779703
0.746031746031746,0.5555555555555556,-0.014445116743445396,-0.0008894077618606389
0.746031746031746,0.5714285714285714,-0.013107110746204853,0.01200556568801403
0.746031746031746,0.5873015873015872,-0.008511364459991455,0.01734740100800991
0.746031746031746,0.6031746031746031,-0.003435078077018261,0.017064746469259262
0.746031746031746,0.6190476190476191,-0.0004664222651626915,0.013072255067527294
0.746031746031746,0.6349206349206349,-0.0038581588305532932,0.009367471560835838
0.746031746031746,0.6507936507936507,-0.002026391215622425,0.007199545856565237
0.746031746031746,0.6666666666666666,-0.0051215472631156445,0.006347224116325378
0.746031746031746,0.6825396825396826,-0.007507823407649994,0.006374442018568516
0.746031746031746,0.6984126984126984,-0.007330779451876879,0.010310268960893154
0.746031746031746,0.7142857142857142,-0.003066820790991187,0.014534242451190948
0.746031746031746,0.7301587301587301,-0.0026357441674917936,0.01780839078128338
0.746031746031746,0.746031746031746,-0.0029252783861011267,0.0220936369150877
0.746031746031746,0.7619047619047619,-0.008128275163471699,0.03993154317140579
0.746031746031746,0.7777777777777777,-0.01581024006009102,0.046589940786361694
0.746031746031746,0.7936507936507936,-0.017879284918308258,0.05528023838996887
0.746031746031746,0.8095238095238095,-0.01080041378736496,0.046380821615457535
0.746031746031746,0.8253968253968254,-0.008685799315571785,0.034402310848236084
0.746031746031746,0.8412698412698412,-0.004407034255564213,0.01692086085677147
0.746031746031746,0.8571428571428571,0.0038635102100670338,0.006439901422709227
0.746031746031746,0.873015873015873,0.009632181376218796,0.013636334799230099
0.746031746031746,0.8888888888888888,0.008526209741830826,0.022615915164351463
0.746031746031746,0.9047619047619047,0.005870332010090351,0.0321049839258194
0.746031746031746,0.9206349206349206,0.004859539680182934,0.04359821602702141
0.746031746031746,0.9365079365079365,0.003386162919923663,0.054497141391038895
0.746031746031746,0.9523809523809523,0.002133177360519767,0.06121623143553734
0.746031746031746,0.9682539682539681,0.001354998559691012,0.05972423776984215
0.746031746031746,0.9841269841269841,0.00016397469153162092,0.05102989077568054
0.746031746031746,1.0,-0.0003635785251390189,0.04363974928855896
0.7619047619047619,0.0,-0.01725282333791256,-0.026211798191070557
0.7619047619047619,0.015873015873015872,-0.019091760739684105,-0.016609013080596924
0.7619047619047619,0.031746031746031744,-0.02068447694182396,-0.005590456072241068
0.7619047619047619,0.047619047619047616,-0.018303709104657173,0.005855328869074583
0.7619047619047619,0.06349206349206349,-0.013139378279447556,0.015200626105070114
0.7619047619047619,0.07936507936507936,-0.009319912642240524,0.020114995539188385
0.7619047619047619,0.09523809523809523,-0.005389957223087549,0.011654221452772617
0.7619047619047619,0.1111111111111111,-0.0035994877107441425,0.006178992800414562
0.7619047619047619,0.12698412698412698,-0.011030089110136032,0.015302286483347416
0.7619047619047619,0.14285714285714285,-0.021276501938700676,0.027924321591854095
0.7619047619047619,0.15873015873015872,-0.026570899412035942,0.02722964808344841
0.7619047619047619,0.1746031746031746,-0.026213277131319046,0.021390197798609734
0.7619047619047619,0.19047619047619047,-0.0243535153567791,0.012298920191824436
0.7619047619047619,0.20634920634920634,-0.017344815656542778,-0.0003562431375030428
0.7619047619047619,0.2222222222222222,-0.019250065088272095,0.003093722276389599
0.7619047619047619,0.23809523809523808,-0.016996655613183975,0.0009856497636064887
0.7619047619047619,0.25396825396825395,-0.005812109913676977,-0.008787794038653374
0.7619047619047619,0.2698412698412698,-0.004585362505167723,-0.01069643720984459
0.7619047619047619,0.2857142857142857,-0.00818003062158823,-0.010041838511824608
0.7619047619047619,0.30158730158730157,-0.009281757287681103,-0.01589004136621952
0.7619047619047619,0.31746031746031744,-0.006671410519629717,-0.027088018134236336
0.7619047619047619,0.3333333333333333,-0.006554102525115013,-0.040839049965143204
0.7619047619047619,0.3492063492063492,-0.006126310210675001,-0.042927004396915436
0.7619047619047619,0.36507936507936506,-0.006757587194442749,-0.03767272084951401
0.7619047619047619,0.38095238095238093,-0.007426608353853226,-0.01601717807352543
0.7619047619047619,0.3968253968253968,-0.006269384175539017,0.0052169812843203545
0.7619047619047619,0.4126984126984127,-0.0015824012225493789,0.0240530576556921
0.7619047619047619,0.42857142857142855,0.002921369858086109,0.006203259341418743
0.7619047619047619,0.4444444444444444,-0.003388133831322193,0.00493320357054472
0.7619047619047619,0.4603174603174603,-0.00863415002822876,0.015522853471338749
0.7619047619047619,0.47619047619047616,-0.0121842622756958,0.009818464517593384
0.7619047619047619,0.49206349206349204,-0.01583586074411869,-0.0023990620393306017
0.7619047619047619,0.5079365079365079,-0.01677064038813114,-0.011312615126371384
0.7619047619047619,0.5238095238095237,-0.015580268576741219,-0.009924008511006832
0.7619047619047619,0.5396825396825397,-0.011959481984376907,-0.005667236167937517
0.7619047619047619,0.5555555555555556,-0.011027970351278782,-3.676755295600742e-05
0.7619047619047619,0.5714285714285714,-0.00959655549377203,0.0069952066987752914
0.7619047619047619,0.5873015873015872,-0.007295165676623583,0.013966833241283894
0.7619047619047619,0.6031746031746031,-0.004693743772804737,0.01449643075466156
0.7619047619047619,0.6190476190476191,-0.0012368261814117432,0.014651745557785034
0.7619047619047619,0.6349206349206349,-0.004567979369312525,0.013715708628296852
0.7619047619047619,0.6507936507936507,-0.0024734153412282467,0.010293994098901749
0.7619047619047619,0.6666666666666666,-0.006234095431864262,0.009702907875180244
0.7619047619047619,0.6825396825396826,-0.008200109004974365,0.009825116954743862
0.7619047619047619,0.6984126984126984,-0.008354367688298225,0.012148835696280003
0.7619047619047619,0.7142857142857142,-0.002777072601020336,0.014280774630606174
0.7619047619047619,0.7301587301587301,-0.002164132660254836,0.016126686707139015
0.7619047619047619,0.746031746031746,-0.0032665005419403315,0.026528269052505493
0.7619047619047619,0.7619047619047619,-0.005652304273098707,0.029076846316456795
0.7619047619047619,0.7777777777777777,-0.01288128737360239,0.046947989612817764
0.7619047619047619,0.7936507936507936,-0.007401138544082642,0.05090676248073578
0.7619047619047619,0.8095238095238095,-0.0028074553702026606,0.042982108891010284
0.7619047619047619,0.8253968253968254,-0.0009378436370752752,0.028899068012833595
0.7619047619047619,0.8412698412698412,0.0023187301121652126,0.011358242481946945
0.7619047619047619,0.8571428571428571,0.009753543883562088,0.0002373940369579941
0.7619047619047619,0.873015873015873,0.015223079361021519,0.0020473843906074762
0.7619047619047619,0.8888888888888888,0.01540356781333685,0.012198994867503643
0.7619047619047619,0.9047619047619047,0.012916864827275276,0.027341051027178764
0.7619047619047619,0.9206349206349206,0.010710119269788265,0.04304629936814308
0.7619047619047619,0.9365079365079365,0.010391836054623127,0.05536453053355217
0.7619047619047619,0.9523809523809523,0.010815108194947243,0.06377363204956055
0.7619047619047619,0.9682539682539681,0.010974871926009655,0.06295549124479294
0.7619047619047619,0.9841269841269841,0.009002016857266426,0.05743392929434776
0.7619047619047619,1.0,0.0035972099285572767,0.05436471477150917
0.7777777777777777,0.0,-0.018630951642990112,-0.024242393672466278
0.7777777777777777,0.015873015873015872,-0.019636861979961395,-0.019030416384339333
0.7777777777777777,0.031746031746031744,-0.019646374508738518,-0.009871598333120346
0.7777777777777777,0.047619047619047616,-0.016130052506923676,-0.0003383545554243028
0.7777777777777777,0.06349206349206349,-0.014362954534590244,0.016013778746128082
0.7777777777777777,0.07936507936507936,-0.013021140359342098,0.019055170938372612
0.7777777777777777,0.09523809523809523,-0.0113981943577528,0.009217016398906708
0.7777777777777777,0.1111111111111111,-0.008923265151679516,-0.0036402842961251736
0.7777777777777777,0.12698412698412698,-0.013615438714623451,0.010189772583544254
0.7777777777777777,0.14285714285714285,-0.02253284491598606,0.026198821142315865
0.7777777777777777,0.15873015873015872,-0.028576958924531937,0.028273707255721092
0.7777777777777777,0.1746031746031746,-0.02725437842309475,0.021909065544605255
0.7777777777777777,0.19047619047619047,-0.023411091417074203,0.009533129632472992
0.7777777777777777,0.20634920634920634,-0.023408114910125732,0.00907681044191122
0.7777777777777777,0.2222222222222222,-0.02342842146754265,0.009846534579992294
0.7777777777777777,0.23809523809523808,-0.021969866007566452,-0.0018780535319820046
0.7777777777777777,0.25396825396825395,-0.011407558806240559,-0.015756428241729736
0.7777777777777777,0.2698412698412698,-0.006596118677407503,-0.016651296988129616
0.7777777777777777,0.2857142857142857,-0.011725247837603092,-0.00782349519431591
0.7777777777777777,0.30158730158730157,-0.011720073409378529,-0.008808953687548637
0.7777777777777777,0.31746031746031744,-0.01029230561107397,-0.01622081734240055
0.7777777777777777,0.3333333333333333,-0.00967633817344904,-0.030643420293927193
0.7777777777777777,0.3492063492063492,-0.008260035887360573,-0.0395202599465847
0.7777777777777777,0.36507936507936506,-0.009527997113764286,-0.03360113129019737
0.7777777777777777,0.38095238095238093,-0.010092586278915405,-0.008844587020576
0.7777777777777777,0.3968253968253968,-0.008401618339121342,0.007371797226369381
0.7777777777777777,0.4126984126984127,0.004694805946201086,0.01320247258991003
0.7777777777777777,0.42857142857142855,0.0023091675247997046,0.004373311530798674
0.7777777777777777,0.4444444444444444,-0.006958461832255125,0.003354740794748068
0.7777777777777777,0.4603174603174603,-0.009947317652404308,0.016047457233071327
0.7777777777777777,0.47619047619047616,-0.013175161555409431,0.013124862685799599
0.7777777777777777,0.49206349206349204,-0.01657157950103283,0.0025977834593504667
0.7777777777777777,0.5079365079365079,-0.015796257182955742,-0.005359334405511618
0.7777777777777777,0.5238095238095237,-0.014214294962584972,-0.005273421294987202
0.7777777777777777,0.5396825396825397,-0.011079021729528904,-0.0015327994478866458
0.7777777777777777,0.5555555555555556,-0.010199198499321938,0.005895273294299841
0.7777777777777777,0.5714285714285714,-0.010229349136352539,0.0035786950029432774
0.7777777777777777,0.5873015873015872,-0.009260219521820545,0.00707089900970459
0.7777777777777777,0.6031746031746031,-0.006222005933523178,0.009116532281041145
0.7777777777777777,0.6190476190476191,-0.002113760681822896,0.011297384276986122
0.7777777777777777,0.6349206349206349,-0.0021193339489400387,0.009342720732092857
0.7777777777777777,0.6507936507936507,-0.00017163758457172662,0.005417984444648027
0.7777777777777777,0.6666666666666666,-0.004695953335613012,0.012981380335986614
0.7777777777777777,0.6825396825396826,-0.007625368889421225,0.018519971519708633
0.7777777777777777,0.6984126984126984,-0.00917589757591486,0.021211519837379456
0.7777777777777777,0.7142857142857142,-0.006239112466573715,0.02267719805240631
0.7777777777777777,0.7301587301587301,-0.004677360411733389,0.026747794821858406
0.7777777777777777,0.746031746031746,-0.008329322561621666,0.030912302434444427
0.7777777777777777,0.7619047619047619,-0.00751908216625452,0.04157226160168648
0.7777777777777777,0.7777777777777777,-0.012556647881865501,0.057038746774196625
0.7777777777777777,0.7936507936507936,-0.009028577245771885,0.059546273201704025
0.7777777777777777,0.8095238095238095,-0.0032801979687064886,0.051376327872276306
0.7777777777777777,0.8253968253968254,0.0011073002824559808,0.033608634024858475
0.7777777777777777,0.8412698412698412,0.0061099948361516,0.0138814402744174
0.7777777777777777,0.8571428571428571,0.01307473611086607,0.002437139628455043
0.7777777777777777,0.873015873015873,0.018470296636223793,0.0034215268678963184
0.7777777777777777,0.8888888888888888,0.01779557392001152,0.013746647164225578
0.7777777777777777,0.9047619047619047,0.013849107548594475,0.03168753907084465
0.7777777777777777,0.9206349206349206,0.01094098575413227,0.049114443361759186
0.7777777777777777,0.9365079365079365,0.012239749543368816,0.06431061774492264
0.7777777777777777,0.9523809523809523,0.014163106679916382,0.07333655655384064
0.7777777777777777,0.9682539682539681,0.016220374032855034,0.07056653499603271
0.7777777777777777,0.9841269841269841,0.017189273610711098,0.06020071730017662
0.7777777777777777,1.0,0.012440800666809082,0.05479815602302551
0.7936507936507936,0.0,-0.01917996257543564,-0.03012046031653881
0.7936507936507936,0.015873015873015872,-0.019605018198490143,-0.02692413702607155
0.7936507936507936,0.031746031746031744,-0.01826445572078228,-0.01897570677101612
0.7936507936507936,0.047619047619047616,-0.01794205605983734,-0.0061109294183552265
0.7936507936507936,0.06349206349206349,-0.017454445362091064,0.007806774694472551
0.7936507936507936,0.07936507936507936,-0.017290037125349045,0.004757932852953672
0.7936507936507936,0.09523809523809523,-0.021730396896600723,-0.004410611465573311
0.7936507936507936,0.1111111111111111,-0.018069952726364136,-0.01755501702427864
0.7936507936507936,0.12698412698412698,-0.01890427991747856,-0.0022428238298743963
0.7936507936507936,0.14285714285714285,-0.023812532424926758,0.016847215592861176
0.7936507936507936,0.15873015873015872,-0.030332213267683983,0.021825263276696205
0.7936507936507936,0.1746031746031746,-0.030233466997742653,0.018315594643354416
0.7936507936507936,0.19047619047619047,-0.02908053807914257,0.015593759715557098
0.7936507936507936,0.20634920634920634,-0.030146075412631035,0.015048377215862274
0.7936507936507936,0.2222222222222222,-0.024191316217184067,0.00010137123172171414
0.7936507936507936,0.23809523809523808,-0.025612687692046165,-0.02088722214102745
0.7936507936507936,0.25396825396825395,-0.014848419465124607,-0.026327596977353096
0.7936507936507936,0.2698412698412698,-0.0076187183149158955,-0.030806634575128555
0.7936507936507936,0.2857142857142857,-0.015290851704776287,-0.015787331387400627
0.7936507936507936,0.30158730158730157,-0.014517279341816902,-0.00859257485717535
0.7936507936507936,0.31746031746031744,-0.014220444485545158,-0.012584710493683815
0.7936507936507936,0.3333333333333333,-0.012556561268866062,-0.027074940502643585
0.7936507936507936,0.3492063492063492,-0.00974571704864502,-0.03627949208021164
0.7936507936507936,0.36507936507936506,-0.010886733420193195,-0.02892412431538105
0.7936507936507936,0.38095238095238093,-0.011652868241071701,-0.007864872924983501
0.7936507936507936,0.3968253968253968,-0.008402276784181595,0.0016156057827174664
0.7936507936507936,0.4126984126984127,0.004683445207774639,0.0004334491677582264
0.7936507936507936,0.42857142857142855,0.0015021257568150759,-0.008454694412648678
0.7936507936507936,0.4444444444444444,-0.008216907270252705,-0.0075389002449810505
0.7936507936507936,0.4603174603174603,-0.010287904180586338,0.0028445692732930183
0.7936507936507936,0.47619047619047616,-0.013790726661682129,0.006936194840818644
0.7936507936507936,0.49206349206349204,-0.01646416075527668,0.0015319973463192582
0.7936507936507936,0.5079365079365079,-0.015636617317795753,-0.004116893745958805
0.7936507936507936,0.5238095238095237,-0.014575482346117496,-0.004491222091019154
0.7936507936507936,0.5396825396825397,-0.012079031206667423,-0.0015293770702555776
0.7936507936507936,0.5555555555555556,-0.01035663578659296,0.0023708785884082317
0.7936507936507936,0.5714285714285714,-0.01042985264211893,-0.0025019492022693157
0.7936507936507936,0.5873015873015872,-0.013082277029752731,-0.005507555790245533
0.7936507936507936,0.6031746031746031,-0.010090617462992668,-0.005387451965361834
0.7936507936507936,0.6190476190476191,-0.004209822043776512,0.0042473371140658855
0.7936507936507936,0.6349206349206349,-0.001673592603765428,0.0019907760433852673
0.7936507936507936,0.6507936507936507,0.001326385186985135,0.005940031725913286
0.7936507936507936,0.6666666666666666,-0.002652913797646761,0.014663792215287685
0.7936507936507936,0.6825396825396826,-0.006776131689548492,0.023633304983377457
0.7936507936507936,0.6984126984126984,-0.008592450059950352,0.02798936329782009
0.7936507936507936,0.7142857142857142,-0.008563978597521782,0.03219933062791824
0.7936507936507936,0.7301587301587301,-0.009386519901454449,0.03718055412173271
0.7936507936507936,0.746031746031746,-0.008490202948451042,0.03837314620614052
0.7936507936507936,0.7619047619047619,-0.004626245703548193,0.04711828753352165
0.7936507936507936,0.7777777777777777,-0.006956067867577076,0.05719028040766716
0.7936507936507936,0.7936507936507936,-0.012905726209282875,0.06592971831560135
0.7936507936507936,0.8095238095238095,-0.008673200383782387,0.058283884078264236
0.7936507936507936,0.8253968253968254,-0.001289639389142394,0.0376613475382328
0.7936507936507936,0.8412698412698412,0.0055818404071033,0.015961328521370888
0.7936507936507936,0.8571428571428571,0.012782761827111244,0.006371614523231983
0.7936507936507936,0.873015873015873,0.017110828310251236,0.008550641126930714
0.7936507936507936,0.8888888888888888,0.01608785055577755,0.01946554146707058
0.7936507936507936,0.9047619047619047,0.011990818195044994,0.03657504916191101
0.7936507936507936,0.9206349206349206,0.008988550864160061,0.05642110854387283
0.7936507936507936,0.9365079365079365,0.011412608437240124,0.07376283407211304
0.7936507936507936,0.9523809523809523,0.013385017402470112,0.08247464895248413
0.7936507936507936,0.9682539682539681,0.015775036066770554,0.07957379519939423
0.7936507936507936,0.9841269841269841,0.018304869532585144,0.06759384274482727
0.7936507936507936,1.0,0.016756508499383926,0.055642254650592804
0.8095238095238095,0.0,-0.02474118582904339,-0.03367459774017334
0.8095238095238095,0.015873015873015872,-0.023159177973866463,-0.03227950260043144
0.8095238095238095,0.031746031746031744,-0.02068030834197998,-0.02532477304339409
0.8095238095238095,0.047619047619047616,-0.02064645104110241,-0.012127293273806572
0.8095238095238095,0.06349206349206349,-0.01986859366297722,-0.004797337111085653
0.8095238095238095,0.07936507936507936,-0.016861096024513245,-0.013138971291482449
0.8095238095238095,0.09523809523809523,-0.017896834760904312,-0.024570029228925705
0.8095238095238095,0.1111111111111111,-0.016096370294690132,-0.030023494735360146
0.8095238095238095,0.12698412698412698,-0.021892160177230835,-0.009328020736575127
0.8095238095238095,0.14285714285714285,-0.025913657620549202,0.011089355684816837
0.8095238095238095,0.15873015873015872,-0.031941670924425125,0.015173937194049358
0.8095238095238095,0.1746031746031746,-0.03324276581406593,0.014050447382032871
0.8095238095238095,0.19047619047619047,-0.033737752586603165,0.016113195568323135
0.8095238095238095,0.20634920634920634,-0.0311286561191082,0.003946774173527956
0.8095238095238095,0.2222222222222222,-0.023551711812615395,-0.012862426228821278
0.8095238095238095,0.23809523809523808,-0.04377187415957451,-0.010399501770734787
0.8095238095238095,0.25396825396825395,-0.033116910606622696,-0.019891731441020966
0.8095238095238095,0.2698412698412698,-0.014174267649650574,-0.022333184257149696
0.8095238095238095,0.2857142857142857,-0.006998624186962843,-0.029839370399713516
0.8095238095238095,0.30158730158730157,-0.014312825165688992,-0.01223761960864067
0.8095238095238095,0.31746031746031744,-0.016063915565609932,-0.012116461992263794
0.8095238095238095,0.3333333333333333,-0.014165968634188175,-0.025984587147831917
0.8095238095238095,0.3492063492063492,-0.010850498452782631,-0.03557897359132767
0.8095238095238095,0.36507936507936506,-0.011033007875084877,-0.02823016606271267
0.8095238095238095,0.38095238095238093,-0.0114439707249403,-0.009571623988449574
0.8095238095238095,0.3968253968253968,-0.007376122288405895,-0.003980847541242838
0.8095238095238095,0.4126984126984127,0.004458284471184015,-0.008922086097300053
0.8095238095238095,0.42857142857142855,0.0011663836194202304,-0.01637113094329834
0.8095238095238095,0.4444444444444444,-0.00949439499527216,-0.015379432588815689
0.8095238095238095,0.4603174603174603,-0.01119164377450943,-0.0025246518198400736
0.8095238095238095,0.47619047619047616,-0.013666789047420025,0.005966136232018471
0.8095238095238095,0.49206349206349204,-0.016638636589050293,0.0012093833647668362
0.8095238095238095,0.5079365079365079,-0.0166617464274168,-0.003626485588029027
0.8095238095238095,0.5238095238095237,-0.01528290193527937,-0.005600787233561277
0.8095238095238095,0.5396825396825397,-0.013468881137669086,-0.003811449510976672
0.8095238095238095,0.5555555555555556,-0.012068408541381359,-0.003046999918296933
0.8095238095238095,0.5714285714285714,-0.012723524123430252,-0.007040431257337332
0.8095238095238095,0.5873015873015872,-0.016950104385614395,-0.010408373549580574
0.8095238095238095,0.6031746031746031,-0.016917956992983818,-0.008563344366848469
0.8095238095238095,0.6190476190476191,-0.00940239243209362,0.003898998023942113
0.8095238095238095,0.6349206349206349,-0.004853187128901482,0.008479010313749313
0.8095238095238095,0.6507936507936507,-1.450707895855885e-05,0.008964846841990948
0.8095238095238095,0.6666666666666666,-0.0032846343237906694,0.01595441810786724
0.8095238095238095,0.6825396825396826,-0.007666830439120531,0.025263095274567604
0.8095238095238095,0.6984126984126984,-0.009602555073797703,0.030255066230893135
0.8095238095238095,0.7142857142857142,-0.00997585617005825,0.035544492304325104
0.8095238095238095,0.7301587301587301,-0.013193639926612377,0.04289224371314049
0.8095238095238095,0.746031746031746,-0.005174401216208935,0.04184867441654205
0.8095238095238095,0.7619047619047619,0.0008652362157590687,0.047496579587459564
0.8095238095238095,0.7777777777777777,0.0016258544055745006,0.05273273214697838
0.8095238095238095,0.7936507936507936,-0.011966226622462273,0.06708303093910217
0.8095238095238095,0.8095238095238095,-0.011027720756828785,0.06107718124985695
0.8095238095238095,0.8253968253968254,-0.003784553147852421,0.04095185175538063
0.8095238095238095,0.8412698412698412,0.00385279580950737,0.01901833340525627
0.8095238095238095,0.8571428571428571,0.011381853371858597,0.00928009394556284
0.8095238095238095,0.873015873015873,0.015148727223277092,0.011803756467998028
0.8095238095238095,0.8888888888888888,0.013849915005266666,0.022056378424167633
0.8095238095238095,0.9047619047619047,0.00979426596313715,0.038392070680856705
0.8095238095238095,0.9206349206349206,0.007453093770891428,0.05937175452709198
0.8095238095238095,0.9365079365079365,0.00922861136496067,0.0789022371172905
0.8095238095238095,0.9523809523809523,0.012395440600812435,0.08780487626791
0.8095238095238095,0.9682539682539681,0.017559275031089783,0.08224807679653168
0.8095238095238095,0.9841269841269841,0.0183752179145813,0.0708184465765953
0.8095238095238095,1.0,0.014183087274432182,0.05747411400079727
0.8253968253968254,0.0,-0.030510660260915756,-0.0352049246430397
0.8253968253968254,0.015873015873015872,-0.029423383995890617,-0.036500491201877594
0.8253968253968254,0.031746031746031744,-0.023626746609807014,-0.02986859530210495
0.8253968253968254,0.047619047619047616,-0.021428920328617096,-0.016921212896704674
0.8253968253968254,0.06349206349206349,-0.01716342382133007,-0.013784109614789486
0.8253968253968254,0.07936507936507936,-0.00788081157952547,-0.025235433131456375
0.8253968253968254,0.09523809523809523,-0.0025969045236706734,-0.038233183324337006
0.8253968253968254,0.1111111111111111,-0.0029693604446947575,-0.03919821232557297
0.8253968253968254,0.12698412698412698,-0.01803887076675892,-0.013277567923069
0.8253968253968254,0.14285714285714285,-0.030279450118541718,0.011379464529454708
0.8253968253968254,0.15873015873015872,-0.03563924878835678,0.01305803470313549
0.8253968253968254,0.1746031746031746,-0.03515422344207764,0.01251272577792406
0.8253968253968254,0.19047619047619047,-0.03297194093465805,0.007540745195001364
0.8253968253968254,0.20634920634920634,-0.029635513201355934,-0.0010651993798092008
0.8253968253968254,0.2222222222222222,-0.021084917709231377,-0.013918869197368622
0.8253968253968254,0.23809523809523808,-0.06605871021747589,0.03569745644927025
0.8253968253968254,0.25396825396825395,-0.058958765119314194,0.01912332884967327
0.8253968253968254,0.2698412698412698,-0.018660269677639008,-0.020634405314922333
0.8253968253968254,0.2857142857142857,-0.004652590956538916,-0.02090894617140293
0.8253968253968254,0.30158730158730157,-0.010806174948811531,-0.01420957874506712
0.8253968253968254,0.31746031746031744,-0.017360638827085495,-0.012096256949007511
0.8253968253968254,0.3333333333333333,-0.014972304925322533,-0.025302674621343613
0.8253968253968254,0.3492063492063492,-0.012641260400414467,-0.03444242104887962
0.8253968253968254,0.36507936507936506,-0.011747777462005615,-0.028692007064819336
0.8253968253968254,0.38095238095238093,-0.011340823024511337,-0.010794605128467083
0.8253968253968254,0.3968253968253968,-0.006793550215661526,-0.0061208391562104225
0.8253968253968254,0.4126984126984127,0.0015755509957671165,-0.009528984315693378
0.8253968253968254,0.42857142857142855,0.003203191328793764,-0.01717410795390606
0.8253968253968254,0.4444444444444444,-0.012232531793415546,-0.013814940117299557
0.8253968253968254,0.4603174603174603,-0.015127863734960556,0.0024146840441972017
0.8253968253968254,0.47619047619047616,-0.016406556591391563,0.01053595170378685
0.8253968253968254,0.49206349206349204,-0.018403684720396996,0.004649152513593435
0.8253968253968254,0.5079365079365079,-0.019064081832766533,-0.0031580589711666107
0.8253968253968254,0.5238095238095237,-0.01780281960964203,-0.007969936355948448
0.8253968253968254,0.5396825396825397,-0.015815651044249535,-0.008466365747153759
0.8253968253968254,0.5555555555555556,-0.015070127323269844,-0.008732728660106659
0.8253968253968254,0.5714285714285714,-0.017924839630723,-0.005507178138941526
0.8253968253968254,0.5873015873015872,-0.02076086401939392,-0.0037228791043162346
0.8253968253968254,0.6031746031746031,-0.02100948803126812,0.0026722634211182594
0.8253968253968254,0.6190476190476191,-0.016308248043060303,0.018400566652417183
0.8253968253968254,0.6349206349206349,-0.01078987680375576,0.021180441603064537
0.8253968253968254,0.6507936507936507,-0.0040120272897183895,0.01567680388689041
0.8253968253968254,0.6666666666666666,-0.005421948619186878,0.016774239018559456
0.8253968253968254,0.6825396825396826,-0.010524948127567768,0.024903755635023117
0.8253968253968254,0.6984126984126984,-0.01269163191318512,0.028726106509566307
0.8253968253968254,0.7142857142857142,-0.014061586931347847,0.03447360545396805
0.8253968253968254,0.7301587301587301,-0.016380026936531067,0.0426604263484478
0.8253968253968254,0.746031746031746,-0.0016452777199447155,0.040606915950775146
0.8253968253968254,0.7619047619047619,0.00031041615875437856,0.05783480405807495
0.8253968253968254,0.7777777777777777,0.0052770283073186874,0.057407550513744354
0.8253968253968254,0.7936507936507936,0.0005084037547931075,0.0573391392827034
0.8253968253968254,0.8095238095238095,-0.009414543397724628,0.05727606266736984
0.8253968253968254,0.8253968253968254,-0.004966889042407274,0.041379544883966446
0.8253968253968254,0.8412698412698412,0.00072614720556885,0.021914463490247726
0.8253968253968254,0.8571428571428571,0.00928959995508194,0.012031805701553822
0.8253968253968254,0.873015873015873,0.012958819046616554,0.014851406216621399
0.8253968253968254,0.8888888888888888,0.012072098441421986,0.023612424731254578
0.8253968253968254,0.9047619047619047,0.008596357889473438,0.03845330327749252
0.8253968253968254,0.9206349206349206,0.005345944780856371,0.059325192123651505
0.8253968253968254,0.9365079365079365,0.005240815691649914,0.08102370798587799
0.8253968253968254,0.9523809523809523,0.01003508921712637,0.08913105726242065
0.8253968253968254,0.9682539682539681,0.016805008053779602,0.07304932922124863
0.8253968253968254,0.9841269841269841,0.01377581711858511,0.07427568733692169
0.8253968253968254,1.0,0.007741477806121111,0.06111622229218483
0.8412698412698412,0.0,-0.02894921787083149,-0.0365477129817009
0.8412698412698412,0.015873015873015872,-0.02851402759552002,-0.039188235998153687
0.8412698412698412,0.031746031746031744,-0.023369671776890755,-0.035122595727443695
0.8412698412698412,0.047619047619047616,-0.014900517649948597,-0.029708657413721085
0.8412698412698412,0.06349206349206349,-0.009180724620819092,-0.019835392013192177
0.8412698412698412,0.07936507936507936,-0.0023275353014469147,-0.020165175199508667
0.8412698412698412,0.09523809523809523,0.020090779289603233,-0.034450359642505646
0.8412698412698412,0.1111111111111111,0.02489413134753704,-0.03700679540634155
0.8412698412698412,0.12698412698412698,-0.0022213140036910772,-0.005498266778886318
0.8412698412698412,0.14285714285714285,-0.028620263561606407,0.013811802491545677
0.8412698412698412,0.15873015873015872,-0.03484376147389412,0.012252895161509514
0.8412698412698412,0.1746031746031746,-0.032104358077049255,0.008057820610702038
0.8412698412698412,0.19047619047619047,-0.02568899840116501,-0.004769469611346722
0.8412698412698412,0.20634920634920634,-0.026766909286379814,-0.005595074500888586
0.8412698412698412,0.2222222222222222,-0.027425384148955345,-0.007506369147449732
0.8412698412698412,0.23809523809523808,-0.06805417686700821,0.05841829255223274
0.8412698412698412,0.25396825396825395,-0.07841428369283676,0.05996185541152954
0.8412698412698412,0.2698412698412698,-0.0266499575227499,-0.0043867346830666065
0.8412698412698412,0.2857142857142857,-0.0076797399669885635,-0.010672679170966148
0.8412698412698412,0.30158730158730157,-0.010991621762514114,-0.012045682407915592
0.8412698412698412,0.31746031746031744,-0.013483130373060703,-0.016250785440206528
0.8412698412698412,0.3333333333333333,-0.012797721661627293,-0.03208083659410477
0.8412698412698412,0.3492063492063492,-0.013707183301448822,-0.03892024978995323
0.8412698412698412,0.36507936507936506,-0.013580291531980038,-0.035331811755895615
0.8412698412698412,0.38095238095238093,-0.012036699801683426,-0.01625850237905979
0.8412698412698412,0.3968253968253968,-0.006189893931150436,-0.007763210218399763
0.8412698412698412,0.4126984126984127,-0.0018808830063790083,-0.0030302207451313734
0.8412698412698412,0.42857142857142855,0.0017706266371533275,-0.010138999670743942
0.8412698412698412,0.4444444444444444,-0.010496540926396847,-0.010369250550866127
0.8412698412698412,0.4603174603174603,-0.020604316145181656,0.01221216470003128
0.8412698412698412,0.47619047619047616,-0.021910207346081734,0.01443090196698904
0.8412698412698412,0.49206349206349204,-0.021053725853562355,0.004427989479154348
0.8412698412698412,0.5079365079365079,-0.021422497928142548,-0.0058628567494452
0.8412698412698412,0.5238095238095237,-0.020193995907902718,-0.012467927299439907
0.8412698412698412,0.5396825396825397,-0.01680818945169449,-0.016490157693624496
0.8412698412698412,0.5555555555555556,-0.017816420644521713,-0.014113244600594044
0.8412698412698412,0.5714285714285714,-0.02280600555241108,-0.006102735176682472
0.8412698412698412,0.5873015873015872,-0.01938045024871826,0.0011154083767905831
0.8412698412698412,0.6031746031746031,-0.026189936324954033,0.011232062242925167
0.8412698412698412,0.6190476190476191,-0.02098981663584709,0.0309399776160717
0.8412698412698412,0.6349206349206349,-0.014187684282660484,0.028187967836856842
0.8412698412698412,0.6507936507936507,-0.008325890637934208,0.01636342704296112
0.8412698412698412,0.6666666666666666,-0.01469505112618208,0.019058234989643097
0.8412698412698412,0.6825396825396826,-0.02055104821920395,0.02335943840444088
0.8412698412698412,0.6984126984126984,-0.017395328730344772,0.0232239980250597
0.8412698412698412,0.7142857142857142,-0.016661418601870537,0.02801799215376377
0.8412698412698412,0.7301587301587301,-0.0164113100618124,0.037458017468452454
0.8412698412698412,0.746031746031746,-0.00098531530238688,0.04037955403327942
0.8412698412698412,0.7619047619047619,0.0006815548404119909,0.06127871945500374
0.8412698412698412,0.7777777777777777,0.006096073891967535,0.056397680193185806
0.8412698412698412,0.7936507936507936,0.0030924822203814983,0.05238739773631096
0.8412698412698412,0.8095238095238095,-0.010380953550338745,0.051943931728601456
0.8412698412698412,0.8253968253968254,-0.00785832293331623,0.03617594391107559
0.8412698412698412,0.8412698412698412,-0.0002330251008970663,0.019204657524824142
0.8412698412698412,0.8571428571428571,0.008253078907728195,0.01293094176799059
0.8412698412698412,0.873015873015873,0.012209943495690823,0.016216643154621124
0.8412698412698412,0.8888888888888888,0.012835225090384483,0.025654548779129982
0.8412698412698412,0.9047619047619047,0.009493621997535229,0.041196711361408234
0.8412698412698412,0.9206349206349206,0.004886281210929155,0.061451297253370285
0.8412698412698412,0.9365079365079365,0.0044954558834433556,0.07970169186592102
0.8412698412698412,0.9523809523809523,0.006502152420580387,0.08643034845590591
0.8412698412698412,0.9682539682539681,0.009177657775580883,0.07595378160476685
0.8412698412698412,0.9841269841269841,0.0063474904745817184,0.07607613503932953
0.8412698412698412,1.0,0.002925106091424823,0.06248840317130089
0.8571428571428571,0.0,-0.025154992938041687,-0.03446316346526146
0.8571428571428571,0.015873015873015872,-0.027576658874750137,-0.03594013676047325
0.8571428571428571,0.031746031746031744,-0.021573923528194427,-0.03250974416732788
0.8571428571428571,0.047619047619047616,-0.007634911220520735,-0.034323323518037796
0.8571428571428571,0.06349206349206349,-0.0012915331171825528,-0.0240896325558424
0.8571428571428571,0.07936507936507936,0.005446693394333124,-0.017427554354071617
0.8571428571428571,0.09523809523809523,0.011141412891447544,-0.014214769005775452
0.8571428571428571,0.1111111111111111,0.016132578253746033,-0.013201920315623283
0.8571428571428571,0.12698412698412698,-0.0011820623185485601,0.004581565968692303
0.8571428571428571,0.14285714285714285,-0.01683417707681656,0.013774052262306213
0.8571428571428571,0.15873015873015872,-0.02188778668642044,0.008212508633732796
0.8571428571428571,0.1746031746031746,-0.022583648562431335,0.004964747466146946
0.8571428571428571,0.19047619047619047,-0.019342409446835518,-0.009204046800732613
0.8571428571428571,0.20634920634920634,-0.021001175045967102,-0.021069360896945
0.8571428571428571,0.2222222222222222,-0.008504864759743214,-0.025628723204135895
0.8571428571428571,0.23809523809523808,-0.0535736009478569,0.06846899539232254
0.8571428571428571,0.25396825396825395,-0.04942231997847557,0.0589650459587574
0.8571428571428571,0.2698412698412698,-0.010142520070075989,0.015844132751226425
0.8571428571428571,0.2857142857142857,-0.011458219960331917,0.0042947158217430115
0.8571428571428571,0.30158730158730157,-0.009810020215809345,-0.0077163586392998695
0.8571428571428571,0.31746031746031744,-0.007987383753061295,-0.02415427193045616
0.8571428571428571,0.3333333333333333,-0.008134576492011547,-0.042924314737319946
0.8571428571428571,0.3492063492063492,-0.010371340438723564,-0.050404392182826996
0.8571428571428571,0.36507936507936506,-0.013442576862871647,-0.041612159460783005
0.8571428571428571,0.38095238095238093,-0.011228485964238644,-0.02245667576789856
0.8571428571428571,0.3968253968253968,-0.00451652891933918,-0.011050636880099773
0.8571428571428571,0.4126984126984127,0.002819606801494956,0.0014960826374590397
0.8571428571428571,0.42857142857142855,0.00301613612100482,0.0034899618476629257
0.8571428571428571,0.4444444444444444,-0.0035832813009619713,-0.003701720619574189
0.8571428571428571,0.4603174603174603,-0.01465841569006443,0.012041815556585789
0.8571428571428571,0.47619047619047616,-0.02365192584693432,0.012809964828193188
0.8571428571428571,0.49206349206349204,-0.022332124412059784,-0.0011801081709563732
0.8571428571428571,0.5079365079365079,-0.02192690595984459,-0.011284086853265762
0.8571428571428571,0.5238095238095237,-0.01834849826991558,-0.020365172997117043
0.8571428571428571,0.5396825396825397,-0.014956061728298664,-0.025900959968566895
0.8571428571428571,0.5555555555555556,-0.014587383717298508,-0.023215465247631073
0.8571428571428571,0.5714285714285714,-0.01862068846821785,-0.011490613222122192
0.8571428571428571,0.5873015873015872,-0.014316154643893242,-0.002029973780736327
0.8571428571428571,0.6031746031746031,-0.014338145963847637,0.00032966554863378406
0.8571428571428571,0.6190476190476191,-0.019999977201223373,0.018902206793427467
0.8571428571428571,0.6349206349206349,-0.020046278834342957,0.02901141718029976
0.8571428571428571,0.6507936507936507,-0.01610950380563736,0.016826525330543518
0.8571428571428571,0.6666666666666666,-0.02480909414589405,0.019413482397794724
0.8571428571428571,0.6825396825396826,-0.026792531833052635,0.016937648877501488
0.8571428571428571,0.6984126984126984,-0.02044808492064476,0.014336053282022476
0.8571428571428571,0.7142857142857142,-0.016212666407227516,0.018594084307551384
0.8571428571428571,0.7301587301587301,-0.00785444863140583,0.028523243963718414
0.8571428571428571,0.746031746031746,-0.005780246574431658,0.04262432083487511
0.8571428571428571,0.7619047619047619,0.0032961107790470123,0.05722930282354355
0.8571428571428571,0.7777777777777777,0.006816621869802475,0.053809233009815216
0.8571428571428571,0.7936507936507936,-0.007242976687848568,0.0576387420296669
0.8571428571428571,0.8095238095238095,-0.013019165024161339,0.05163749307394028
0.8571428571428571,0.8253968253968254,-0.008745789527893066,0.03186260163784027
0.8571428571428571,0.8412698412698412,-0.0007403439958579838,0.016618046909570694
0.8571428571428571,0.8571428571428571,0.008167947642505169,0.012885148636996746
0.8571428571428571,0.873015873015873,0.013514135964214802,0.017073770985007286
0.8571428571428571,0.8888888888888888,0.015954000875353813,0.03220617026090622
0.8571428571428571,0.9047619047619047,0.014151410199701786,0.047348134219646454
0.8571428571428571,0.9206349206349206,0.007556943688541651,0.06962043046951294
0.8571428571428571,0.9365079365079365,0.0036981068551540375,0.08542224764823914
0.8571428571428571,0.9523809523809523,0.0005561193102039397,0.09042726457118988
0.8571428571428571,0.9682539682539681,0.0010602341499179602,0.08451525866985321
0.8571428571428571,0.9841269841269841,1.857908682723064e-05,0.07742463052272797
0.8571428571428571,1.0,-0.00038333877455443144,0.06350960582494736
0.873015873015873,0.0,-0.019126631319522858,-0.03190337121486664
0.873015873015873,0.015873015873015872,-0.022972729057073593,-0.030296925455331802
0.873015873015873,0.031746031746031744,-0.01519273966550827,-0.031641777604818344
0.873015873015873,0.047619047619047616,-0.007052210625261068,-0.030582761391997337
0.873015873015873,0.06349206349206349,-0.0002036469813901931,-0.023156631737947464
0.873015873015873,0.07936507936507936,0.004499852657318115,-0.011017885990440845
0.873015873015873,0.09523809523809523,0.005334354471415281,7.228931644931436e-05
0.873015873015873,0.1111111111111111,0.0029718116857111454,0.012343388982117176
0.873015873015873,0.12698412698412698,-0.003929951693862677,0.022137217223644257
0.873015873015873,0.14285714285714285,-0.007171570789068937,0.020312177017331123
0.873015873015873,0.15873015873015872,-0.008855161257088184,0.010355491191148758
0.873015873015873,0.1746031746031746,-0.01422789879143238,0.0040330225601792336
0.873015873015873,0.19047619047619047,-0.019868675619363785,-0.003971099387854338
0.873015873015873,0.20634920634920634,-0.021871967241168022,-0.024719668552279472
0.873015873015873,0.2222222222222222,-0.005065495148301125,-0.04805683344602585
0.873015873015873,0.23809523809523808,-0.026506831869482994,0.042358286678791046
0.873015873015873,0.25396825396825395,-0.02115459181368351,0.02862183377146721
0.873015873015873,0.2698412698412698,-0.01426856778562069,0.027599548920989037
0.873015873015873,0.2857142857142857,-0.004551529418677092,-0.0020531381014734507
0.873015873015873,0.30158730158730157,-0.006491311825811863,-0.01240825466811657
0.873015873015873,0.31746031746031744,-0.006485546939074993,-0.03022085502743721
0.873015873015873,0.3333333333333333,-0.006579471752047539,-0.052363116294145584
0.873015873015873,0.3492063492063492,-0.006977228447794914,-0.059570468962192535
0.873015873015873,0.36507936507936506,-0.010295502841472626,-0.04836251586675644
0.873015873015873,0.38095238095238093,-0.008439036086201668,-0.029003828763961792
0.873015873015873,0.3968253968253968,0.0005104403244331479,-0.013033523224294186
0.873015873015873,0.4126984126984127,0.007931379601359367,0.002520136535167694
0.873015873015873,0.42857142857142855,0.0067701032385230064,0.010548719204962254
0.873015873015873,0.4444444444444444,0.0006702829268760979,0.009367103688418865
0.873015873015873,0.4603174603174603,-0.012183982878923416,0.013409563340246677
0.873015873015873,0.47619047619047616,-0.018461067229509354,0.007299995049834251
0.873015873015873,0.49206349206349204,-0.019970830529928207,-0.008617072366178036
0.873015873015873,0.5079365079365079,-0.018670247867703438,-0.021382218226790428
0.873015873015873,0.5238095238095237,-0.015147510915994644,-0.02871517650783062
0.873015873015873,0.5396825396825397,-0.010198809206485748,-0.03313174843788147
0.873015873015873,0.5555555555555556,-0.007431891281157732,-0.03337734192609787
0.873015873015873,0.5714285714285714,-0.009834513999521732,-0.025771692395210266
0.873015873015873,0.5873015873015872,-0.0164139773696661,-0.009337298572063446
0.873015873015873,0.6031746031746031,-0.02499554678797722,0.011521360836923122
0.873015873015873,0.6190476190476191,-0.022405827417969704,0.01615552417933941
0.873015873015873,0.6349206349206349,-0.028620216995477676,0.02178988792002201
0.873015873015873,0.6507936507936507,-0.030779989436268806,0.026687268167734146
0.873015873015873,0.6666666666666666,-0.03136799484491348,0.013736262917518616
0.873015873015873,0.6825396825396826,-0.028215060010552406,0.005820001941174269
0.873015873015873,0.6984126984126984,-0.021450605243444443,0.00403720373287797
0.873015873015873,0.7142857142857142,-0.013488471508026123,0.00747185992076993
0.873015873015873,0.7301587301587301,-0.004618546459823847,0.0217902772128582
0.873015873015873,0.746031746031746,-0.0037455500569194555,0.03476099669933319
0.873015873015873,0.7619047619047619,-0.0054544722661376,0.0519062839448452
0.873015873015873,0.7777777777777777,-0.009401547722518444,0.0603739395737648
0.873015873015873,0.7936507936507936,-0.009084421209990978,0.05870131403207779
0.873015873015873,0.8095238095238095,-0.010065944865345955,0.04966707155108452
0.873015873015873,0.8253968253968254,-0.005013873800635338,0.03186643123626709
0.873015873015873,0.8412698412698412,0.0023024703841656446,0.014987208880484104
0.873015873015873,0.8571428571428571,0.011034720577299595,0.009271333925426006
0.873015873015873,0.873015873015873,0.012090855278074741,0.020121965557336807
0.873015873015873,0.8888888888888888,0.0141468970105052,0.032757557928562164
0.873015873015873,0.9047619047619047,0.013034443370997906,0.05520588159561157
0.873015873015873,0.9206349206349206,0.012536135502159595,0.074458047747612
0.873015873015873,0.9365079365079365,0.006192392203956842,0.09232589602470398
0.873015873015873,0.9523809523809523,0.0051633319817483425,0.09314776957035065
0.873015873015873,0.9682539682539681,0.0027743440587073565,0.08708697557449341
0.873015873015873,0.9841269841269841,0.0016449573449790478,0.07721944898366928
0.873015873015873,1.0,0.0029084142297506332,0.0644037052989006
0.8888888888888888,0.0,-0.0070739141665399075,-0.04097968712449074
0.8888888888888888,0.015873015873015872,-0.013452237471938133,-0.03785661980509758
0.8888888888888888,0.031746031746031744,-0.011081968434154987,-0.03810349106788635
0.8888888888888888,0.047619047619047616,-0.005180032923817635,-0.036527760326862335
0.8888888888888888,0.06349206349206349,-0.0021420170087367296,-0.023804746568202972
0.8888888888888888,0.07936507936507936,-0.0028236110229045153,-0.004139109048992395
0.8888888888888888,0.09523809523809523,-0.002928884467110038,0.012833019718527794
0.8888888888888888,0.1111111111111111,0.0007240623235702515,0.0156980250030756
0.8888888888888888,0.12698412698412698,0.0006006426410749555,0.020756758749485016
0.8888888888888888,0.14285714285714285,0.0022246043663471937,0.01918906904757023
0.8888888888888888,0.15873015873015872,-0.0022800632286816835,0.012131154537200928
0.8888888888888888,0.1746031746031746,-0.01292339712381363,0.004489716608077288
0.8888888888888888,0.19047619047619047,-0.020078640431165695,-0.008236493915319443
0.8888888888888888,0.20634920634920634,-0.02092450112104416,-0.02878209576010704
0.8888888888888888,0.2222222222222222,-0.013480810448527336,-0.05023946240544319
0.8888888888888888,0.23809523809523808,-0.018237965181469917,-0.0019819748122245073
0.8888888888888888,0.25396825396825395,-0.02043522149324417,-0.0016413962002843618
0.8888888888888888,0.2698412698412698,-0.0166484247893095,0.021632948890328407
0.8888888888888888,0.2857142857142857,-0.006728081498295069,-0.005294083151966333
0.8888888888888888,0.30158730158730157,-0.008324737660586834,-0.015929045155644417
0.8888888888888888,0.31746031746031744,-0.004916376434266567,-0.04338042438030243
0.8888888888888888,0.3333333333333333,-0.003731290576979518,-0.06776552647352219
0.8888888888888888,0.3492063492063492,-0.002234257059171796,-0.0745721310377121
0.8888888888888888,0.36507936507936506,-0.0023683193139731884,-0.06409738957881927
0.8888888888888888,0.38095238095238093,0.0006389866466633976,-0.04268458113074303
0.8888888888888888,0.3968253968253968,0.0023480886593461037,-0.014888814650475979
0.8888888888888888,0.4126984126984127,0.006502209696918726,0.007003328297287226
0.8888888888888888,0.42857142857142855,0.006122786086052656,0.016162708401679993
0.8888888888888888,0.4444444444444444,-0.0006041526794433594,0.0171087384223938
0.8888888888888888,0.4603174603174603,-0.00773450406268239,0.029162103310227394
0.8888888888888888,0.47619047619047616,-0.015298429876565933,0.006908677518367767
0.8888888888888888,0.49206349206349204,-0.018415365368127823,-0.013985473662614822
0.8888888888888888,0.5079365079365079,-0.016196701675653458,-0.031738605350255966
0.8888888888888888,0.5238095238095237,-0.011233295314013958,-0.04064847156405449
0.8888888888888888,0.5396825396825397,-0.009121539071202278,-0.04166245833039284
0.8888888888888888,0.5555555555555556,-0.005700715817511082,-0.04441804066300392
0.8888888888888888,0.5714285714285714,-0.006925597786903381,-0.03396306931972504
0.8888888888888888,0.5873015873015872,-0.0160216037184,-0.010511408559978008
0.8888888888888888,0.6031746031746031,-0.023020336404442787,0.009943691082298756
0.8888888888888888,0.6190476190476191,-0.020596858114004135,0.014146125875413418
0.8888888888888888,0.6349206349206349,-0.027136260643601418,0.018853088840842247
0.8888888888888888,0.6507936507936507,-0.03684835508465767,0.019299231469631195
0.8888888888888888,0.6666666666666666,-0.028804371133446693,0.0015302235260605812
0.8888888888888888,0.6825396825396826,-0.0272236168384552,-0.0050830235704779625
0.8888888888888888,0.6984126984126984,-0.02015114203095436,-0.008676236495375633
0.8888888888888888,0.7142857142857142,-0.0091171283274889,-0.008787522092461586
0.8888888888888888,0.7301587301587301,-0.007324433885514736,0.015892380848526955
0.8888888888888888,0.746031746031746,-0.0031040129251778126,0.02441522851586342
0.8888888888888888,0.7619047619047619,-0.0024289109278470278,0.03093782067298889
0.8888888888888888,0.7777777777777777,-0.005594396032392979,0.0371486134827137
0.8888888888888888,0.7936507936507936,-0.007146997842937708,0.04364128038287163
0.8888888888888888,0.8095238095238095,-0.006242862902581692,0.04670550301671028
0.8888888888888888,0.8253968253968254,-0.001977595966309309,0.03285892680287361
0.8888888888888888,0.8412698412698412,0.005713865160942078,0.012246801517903805
0.8888888888888888,0.8571428571428571,0.011621040292084217,0.0029297268483787775
0.8888888888888888,0.873015873015873,0.013494361191987991,0.009772819466888905
0.8888888888888888,0.8888888888888888,0.013106586411595345,0.024723336100578308
0.8888888888888888,0.9047619047619047,0.013095655478537083,0.05085757374763489
0.8888888888888888,0.9206349206349206,0.012127606198191643,0.0774671733379364
0.8888888888888888,0.9365079365079365,0.009708979167044163,0.09127553552389145
0.8888888888888888,0.9523809523809523,0.008509674109518528,0.09513763338327408
0.8888888888888888,0.9682539682539681,0.0072107198648154736,0.08614615350961685
0.8888888888888888,0.9841269841269841,0.009700770489871502,0.07246295362710953
0.8888888888888888,1.0,0.013383009470999241,0.06395326554775238
0.9047619047619047,0.0,-0.0037225496489554644,-0.05695950239896774
0.9047619047619047,0.015873015873015872,-0.010224295780062675,-0.053838443011045456
0.9047619047619047,0.031746031746031744,-0.008466407656669617,-0.05220716446638107
0.9047619047619047,0.047619047619047616,-0.005791526287794113,-0.04287321865558624
0.9047619047619047,0.06349206349206349,-0.008089178241789341,-0.019788352772593498
0.9047619047619047,0.07936507936507936,-0.010360358282923698,0.0015103593468666077
0.9047619047619047,0.09523809523809523,-0.011774231679737568,0.017178591340780258
0.9047619047619047,0.1111111111111111,-0.005901254713535309,0.015655774623155594
0.9047619047619047,0.12698412698412698,-0.0017051598988473415,0.016693802550435066
0.9047619047619047,0.14285714285714285,0.0031384266912937164,0.012600609101355076
0.9047619047619047,0.15873015873015872,-0.0015694113681092858,0.004792048595845699
0.9047619047619047,0.1746031746031746,-0.01232929527759552,-0.003784011583775282
0.9047619047619047,0.19047619047619047,-0.01778601109981537,-0.02110268548130989
0.9047619047619047,0.20634920634920634,-0.022566042840480804,-0.03365159034729004
0.9047619047619047,0.2222222222222222,-0.02363048493862152,-0.036282699555158615
0.9047619047619047,0.23809523809523808,-0.02255331538617611,-0.017492808401584625
0.9047619047619047,0.25396825396825395,-0.022596796974539757,-0.008949524722993374
0.9047619047619047,0.2698412698412698,-0.013628434389829636,-0.0013543914537876844
0.9047619047619047,0.2857142857142857,-0.016156043857336044,-0.005390952341258526
0.9047619047619047,0.30158730158730157,-0.010039799846708775,-0.02474450133740902
0.9047619047619047,0.31746031746031744,-0.004553755279630423,-0.056309718638658524
0.9047619047619047,0.3333333333333333,-0.0009077213471755385,-0.07646241784095764
0.9047619047619047,0.3492063492063492,0.0030545853078365326,-0.08703703433275223
0.9047619047619047,0.36507936507936506,0.006546727381646633,-0.07871236652135849
0.9047619047619047,0.38095238095238093,0.003082496579736471,-0.054229769855737686
0.9047619047619047,0.3968253968253968,0.0012580562615767121,-0.019509514793753624
0.9047619047619047,0.4126984126984127,0.004263428971171379,0.003270744113251567
0.9047619047619047,0.42857142857142855,0.003441475098952651,0.0146459536626935
0.9047619047619047,0.4444444444444444,5.757152393925935e-05,0.014998622238636017
0.9047619047619047,0.4603174603174603,-0.0056860786862671375,0.012827320024371147
0.9047619047619047,0.47619047619047616,-0.013682516291737556,0.0026230623479932547
0.9047619047619047,0.49206349206349204,-0.017818789929151535,-0.018664073199033737
0.9047619047619047,0.5079365079365079,-0.016590174287557602,-0.035364873707294464
0.9047619047619047,0.5238095238095237,-0.011662234552204609,-0.04680342227220535
0.9047619047619047,0.5396825396825397,-0.010726183652877808,-0.04651469364762306
0.9047619047619047,0.5555555555555556,-0.007577824406325817,-0.04468892142176628
0.9047619047619047,0.5714285714285714,-0.00956836249679327,-0.03184833377599716
0.9047619047619047,0.5873015873015872,-0.019132820889353752,-0.009554177522659302
0.9047619047619047,0.6031746031746031,-0.025390006601810455,0.00828815158456564
0.9047619047619047,0.6190476190476191,-0.02032855525612831,0.007927803322672844
0.9047619047619047,0.6349206349206349,-0.02218516543507576,0.005687081255018711
0.9047619047619047,0.6507936507936507,-0.02560618706047535,0.0005291895940899849
0.9047619047619047,0.6666666666666666,-0.023618485778570175,-0.011724872514605522
0.9047619047619047,0.6825396825396826,-0.021649735048413277,-0.017234021797776222
0.9047619047619047,0.6984126984126984,-0.020184939727187157,-0.019555656239390373
0.9047619047619047,0.7142857142857142,-0.009946895763278008,-0.01653766818344593
0.9047619047619047,0.7301587301587301,-0.009058606810867786,0.005707984324544668
0.9047619047619047,0.746031746031746,-0.005430333316326141,0.016886578872799873
0.9047619047619047,0.7619047619047619,-0.0032795057632029057,0.017248528078198433
0.9047619047619047,0.7777777777777777,-0.008247067220509052,0.026664160192012787
0.9047619047619047,0.7936507936507936,-0.008839158341288567,0.03206830099225044
0.9047619047619047,0.8095238095238095,-0.0029377115424722433,0.036981210112571716
0.9047619047619047,0.8253968253968254,0.0009163802023977041,0.024396372959017754
0.9047619047619047,0.8412698412698412,0.008913213387131691,-0.001322731957770884
0.9047619047619047,0.8571428571428571,0.01281717699021101,-0.014809377491474152
0.9047619047619047,0.873015873015873,0.014472396112978458,-0.006342086009681225
0.9047619047619047,0.8888888888888888,0.014499032869935036,0.016331642866134644
0.9047619047619047,0.9047619047619047,0.015060629695653915,0.042516473680734634
0.9047619047619047,0.9206349206349206,0.01294103916734457,0.07050371170043945
0.9047619047619047,0.9365079365079365,0.010294511914253235,0.08778631687164307
0.9047619047619047,0.9523809523809523,0.00881212204694748,0.0930304303765297
0.9047619047619047,0.9682539682539681,0.009831701405346394,0.08557849377393723
0.9047619047619047,0.9841269841269841,0.012894958257675171,0.07340982556343079
0.9047619047619047,1.0,0.014987857080996037,0.06453756988048553
0.9206349206349206,0.0,-0.0029254197143018246,-0.05990457907319069
0.9206349206349206,0.015873015873015872,-0.00841002631932497,-0.06616087257862091
0.9206349206349206,0.031746031746031744,-0.009925682097673416,-0.06309861689805984
0.9206349206349206,0.047619047619047616,-0.0074339271523058414,-0.04965682700276375
0.9206349206349206,0.06349206349206349,-0.011932387948036194,-0.021856458857655525
0.9206349206349206,0.07936507936507936,-0.018015535548329353,0.003925674129277468
0.9206349206349206,0.09523809523809523,-0.021322673186659813,0.015464083291590214
0.9206349206349206,0.1111111111111111,-0.01342437881976366,0.01944548264145851
0.9206349206349206,0.12698412698412698,-0.006184030324220657,0.024924542754888535
0.9206349206349206,0.14285714285714285,-0.000827031850349158,0.02098505012691021
0.9206349206349206,0.15873015873015872,-0.005708285141736269,0.007211202289909124
0.9206349206349206,0.1746031746031746,-0.014160129241645336,-0.013447179459035397
0.9206349206349206,0.19047619047619047,-0.018034126609563828,-0.031792908906936646
0.9206349206349206,0.20634920634920634,-0.02247757464647293,-0.04297267645597458
0.9206349206349206,0.2222222222222222,-0.021915851160883904,-0.04294817894697189
0.9206349206349206,0.23809523809523808,-0.03212295472621918,-0.02003762684762478
0.9206349206349206,0.25396825396825395,-0.030811360105872154,-0.006864692084491253
0.9206349206349206,0.2698412698412698,-0.012874030508100986,-0.005062726326286793
0.9206349206349206,0.2857142857142857,-0.011877455748617649,-0.003542940830811858
0.9206349206349206,0.30158730158730157,-0.007968819700181484,-0.023872919380664825
0.9206349206349206,0.31746031746031744,-0.0029619333799928427,-0.058477096259593964
0.9206349206349206,0.3333333333333333,0.0012017020490020514,-0.08935289829969406
0.9206349206349206,0.3492063492063492,0.006625722162425518,-0.10097861289978027
0.9206349206349206,0.36507936507936506,0.006087105255573988,-0.08877220749855042
0.9206349206349206,0.38095238095238093,0.0015812130877748132,-0.0618903711438179
0.9206349206349206,0.3968253968253968,-0.002382035832852125,-0.02450137957930565
0.9206349206349206,0.4126984126984127,-0.0031555017922073603,0.002506262855604291
0.9206349206349206,0.42857142857142855,0.0021772044710814953,0.009166402742266655
0.9206349206349206,0.4444444444444444,-0.0018609253456816077,0.009589378722012043
0.9206349206349206,0.4603174603174603,-0.00847886223345995,0.0060117109678685665
0.9206349206349206,0.47619047619047616,-0.013781950809061527,-0.008416508324444294
0.9206349206349206,0.49206349206349204,-0.018883513286709785,-0.028127102181315422
0.9206349206349206,0.5079365079365079,-0.017031176015734673,-0.04209628701210022
0.9206349206349206,0.5238095238095237,-0.014085854403674603,-0.04707251116633415
0.9206349206349206,0.5396825396825397,-0.015374054200947285,-0.04417417570948601
0.9206349206349206,0.5555555555555556,-0.013732091523706913,-0.04054930806159973
0.9206349206349206,0.5714285714285714,-0.015958737581968307,-0.027374397963285446
0.9206349206349206,0.5873015873015872,-0.02500036731362343,-0.008632078766822815
0.9206349206349206,0.6031746031746031,-0.029429946094751358,0.005603250116109848
0.9206349206349206,0.6190476190476191,-0.023252198472619057,0.002477767411619425
0.9206349206349206,0.6349206349206349,-0.022241191938519478,-0.003977017942816019
0.9206349206349206,0.6507936507936507,-0.022800270467996597,-0.010515418834984303
0.9206349206349206,0.6666666666666666,-0.02055455930531025,-0.018521161749958992
0.9206349206349206,0.6825396825396826,-0.020541932433843613,-0.022794347256422043
0.9206349206349206,0.6984126984126984,-0.023495303466916084,-0.024475272744894028
0.9206349206349206,0.7142857142857142,-0.014255325309932232,-0.025405077263712883
0.9206349206349206,0.7301587301587301,-0.006323353853076696,-0.01650199294090271
0.9206349206349206,0.746031746031746,-0.005246300250291824,-0.0019019996980205178
0.9206349206349206,0.7619047619047619,-0.008568262681365013,0.010645349510014057
0.9206349206349206,0.7777777777777777,-0.010929704643785954,0.017188889905810356
0.9206349206349206,0.7936507936507936,-0.01100132055580616,0.0250664371997118
0.9206349206349206,0.8095238095238095,-0.004140341188758612,0.024597125127911568
0.9206349206349206,0.8253968253968254,0.0035161739215254784,0.007221752777695656
0.9206349206349206,0.8412698412698412,0.010760171338915825,-0.017398148775100708
0.9206349206349206,0.8571428571428571,0.013893075287342072,-0.033452633768320084
0.9206349206349206,0.873015873015873,0.01786702126264572,-0.024103567004203796
0.9206349206349206,0.8888888888888888,0.01993745192885399,-0.00011272965639363974
0.9206349206349206,0.9047619047619047,0.018854597583413124,0.03159281983971596
0.9206349206349206,0.9206349206349206,0.013125332072377205,0.06106022000312805
0.9206349206349206,0.9365079365079365,0.009785610251128674,0.08258411288261414
0.9206349206349206,0.9523809523809523,0.009491056203842163,0.0882687121629715
0.9206349206349206,0.9682539682539681,0.01134078111499548,0.0806765928864479
0.9206349206349206,0.9841269841269841,0.014775591902434826,0.06774315237998962
0.9206349206349206,1.0,0.017245139926671982,0.0590340681374073
0.9365079365079365,0.0,-0.005172437988221645,-0.0652042105793953
0.9365079365079365,0.015873015873015872,-0.0095546655356884,-0.07021381705999374
0.9365079365079365,0.031746031746031744,-0.010168944485485554,-0.06956403702497482
0.9365079365079365,0.047619047619047616,-0.010270272381603718,-0.05543772876262665
0.9365079365079365,0.06349206349206349,-0.018919628113508224,-0.021703138947486877
0.9365079365079365,0.07936507936507936,-0.025384901091456413,-0.002658454468473792
0.9365079365079365,0.09523809523809523,-0.026333823800086975,0.01944841258227825
0.9365079365079365,0.1111111111111111,-0.015408607199788094,0.019430767744779587
0.9365079365079365,0.12698412698412698,-0.009698111563920975,0.025400696322321892
0.9365079365079365,0.14285714285714285,-0.007725553587079048,0.0242798812687397
0.9365079365079365,0.15873015873015872,-0.012935809791088104,0.008111835457384586
0.9365079365079365,0.1746031746031746,-0.02055301144719124,-0.01315292902290821
0.9365079365079365,0.19047619047619047,-0.024092623963952065,-0.03381100669503212
0.9365079365079365,0.20634920634920634,-0.02558683417737484,-0.0452587716281414
0.9365079365079365,0.2222222222222222,-0.020597051829099655,-0.05033031851053238
0.9365079365079365,0.23809523809523808,-0.031048230826854706,-0.0306557547301054
0.9365079365079365,0.25396825396825395,-0.028192592784762383,-0.005212169606238604
0.9365079365079365,0.2698412698412698,-0.010441784746944904,-0.006900564767420292
0.9365079365079365,0.2857142857142857,-0.008156276308000088,-0.004307814873754978
0.9365079365079365,0.30158730158730157,-0.006907283328473568,-0.02460741624236107
0.9365079365079365,0.31746031746031744,-0.002319945953786373,-0.06083417683839798
0.9365079365079365,0.3333333333333333,0.0020228412467986345,-0.09744154661893845
0.9365079365079365,0.3492063492063492,0.005233168601989746,-0.10907389968633652
0.9365079365079365,0.36507936507936506,0.00023590847558807582,-0.09548626095056534
0.9365079365079365,0.38095238095238093,-0.004147322382777929,-0.0665152296423912
0.9365079365079365,0.3968253968253968,-0.006750037893652916,-0.028940467163920403
0.9365079365079365,0.4126984126984127,-0.02356136217713356,0.010879496112465858
0.9365079365079365,0.42857142857142855,-0.006614482030272484,0.013554037548601627
0.9365079365079365,0.4444444444444444,-0.0037992428988218307,0.0023417763877660036
0.9365079365079365,0.4603174603174603,-0.01404770277440548,-0.002100227400660515
0.9365079365079365,0.47619047619047616,-0.018383804708719254,-0.019806578755378723
0.9365079365079365,0.49206349206349204,-0.02165674790740013,-0.03811527043581009
0.9365079365079365,0.5079365079365079,-0.019862186163663864,-0.04895823821425438
0.9365079365079365,0.5238095238095237,-0.018688665702939034,-0.04930036887526512
0.9365079365079365,0.5396825396825397,-0.021313145756721497,-0.042525503784418106
0.9365079365079365,0.5555555555555556,-0.021627480164170265,-0.03437884896993637
0.9365079365079365,0.5714285714285714,-0.026947245001792908,-0.01608259230852127
0.9365079365079365,0.5873015873015872,-0.02650795318186283,-0.00978902354836464
0.9365079365079365,0.6031746031746031,-0.029536349698901176,-0.0018736447673290968
0.9365079365079365,0.6190476190476191,-0.029323343187570572,-0.0015510153025388718
0.9365079365079365,0.6349206349206349,-0.024480225518345833,-0.01405574381351471
0.9365079365079365,0.6507936507936507,-0.024701010435819626,-0.02136991359293461
0.9365079365079365,0.6666666666666666,-0.024109238758683205,-0.025962455198168755
0.9365079365079365,0.6825396825396826,-0.023830978199839592,-0.028208134695887566
0.9365079365079365,0.6984126984126984,-0.029291436076164246,-0.029682891443371773
0.9365079365079365,0.7142857142857142,-0.021097803488373756,-0.0344231016933918
0.9365079365079365,0.7301587301587301,-0.011747433803975582,-0.028062233701348305
0.9365079365079365,0.746031746031746,-0.013525035232305527,-0.010923552326858044
0.9365079365079365,0.7619047619047619,-0.015709111467003822,0.01097150519490242
0.9365079365079365,0.7777777777777777,-0.026880551129579544,0.028337934985756874
0.9365079365079365,0.7936507936507936,-0.018006209284067154,0.021906735375523567
0.9365079365079365,0.8095238095238095,-0.007252238225191832,0.015792513266205788
0.9365079365079365,0.8253968253968254,0.00021906646725255996,0.001144053298048675
0.9365079365079365,0.8412698412698412,0.008617897517979145,-0.024412080645561218
0.9365079365079365,0.8571428571428571,0.010800398886203766,-0.04255455732345581
0.9365079365079365,0.873015873015873,0.01524241454899311,-0.03547945246100426
0.9365079365079365,0.8888888888888888,0.018263408914208412,-0.007548204157501459
0.9365079365079365,0.9047619047619047,0.016752226278185844,0.0252204742282629
0.9365079365079365,0.9206349206349206,0.009238203056156635,0.05583018809556961
0.9365079365079365,0.9365079365079365,0.005522055551409721,0.07889418303966522
0.9365079365079365,0.9523809523809523,0.00640883669257164,0.08474817126989365
0.9365079365079365,0.9682539682539681,0.0104867834597826,0.07526317983865738
0.9365079365079365,0.9841269841269841,0.014465522952377796,0.06263458728790283
0.9365079365079365,1.0,0.016168726608157158,0.054624270647764206
0.9523809523809523,0.0,-0.004284823779016733,-0.0704960897564888
0.9523809523809523,0.015873015873015872,-0.011794455349445343,-0.07095710933208466
0.9523809523809523,0.031746031746031744,-0.014390955679118633,-0.06488648056983948
0.9523809523809523,0.047619047619047616,-0.016391975805163383,-0.049588486552238464
0.9523809523809523,0.06349206349206349,-0.019100282341241837,-0.02337195910513401
0.9523809523809523,0.07936507936507936,-0.01734757423400879,-0.007023203652352095
0.9523809523809523,0.09523809523809523,-0.01264706440269947,0.0007103185052983463
0.9523809523809523,0.1111111111111111,-0.014556007459759712,0.004248091485351324
0.9523809523809523,0.12698412698412698,-0.009545128792524338,0.015309266746044159
0.9523809523809523,0.14285714285714285,-0.010380358435213566,0.016413141041994095
0.9523809523809523,0.15873015873015872,-0.017207683995366096,0.00044188727042637765
0.9523809523809523,0.1746031746031746,-0.02716800384223461,-0.021394047886133194
0.9523809523809523,0.19047619047619047,-0.030919110402464867,-0.0379985086619854
0.9523809523809523,0.20634920634920634,-0.028520390391349792,-0.049109045416116714
0.9523809523809523,0.2222222222222222,-0.019122401252388954,-0.06434036791324615
0.9523809523809523,0.23809523809523808,-0.024979548528790474,-0.03932628035545349
0.9523809523809523,0.25396825396825395,-0.02111918292939663,-0.008755095303058624
0.9523809523809523,0.2698412698412698,-0.012511363252997398,-0.01011616736650467
0.9523809523809523,0.2857142857142857,-0.005929487757384777,-0.012860232032835484
0.9523809523809523,0.30158730158730157,-0.0010242188582196832,-0.03290814161300659
0.9523809523809523,0.31746031746031744,-0.0013186463620513678,-0.06892840564250946
0.9523809523809523,0.3333333333333333,0.002284887246787548,-0.10644455254077911
0.9523809523809523,0.3492063492063492,0.002332239178940654,-0.11201897263526917
0.9523809523809523,0.36507936507936506,-0.005002234596759081,-0.09637443721294403
0.9523809523809523,0.38095238095238093,-0.010283658280968666,-0.0694475769996643
0.9523809523809523,0.3968253968253968,-0.017495697364211082,-0.026448475196957588
0.9523809523809523,0.4126984126984127,-0.027408616617321968,0.004728858824819326
0.9523809523809523,0.42857142857142855,-0.016476349905133247,0.006490535102784634
0.9523809523809523,0.4444444444444444,-0.0038948494475334883,-0.006083203945308924
0.9523809523809523,0.4603174603174603,-0.021796416491270065,-0.009521818719804287
0.9523809523809523,0.47619047619047616,-0.021997828036546707,-0.032738860696554184
0.9523809523809523,0.49206349206349204,-0.024466436356306076,-0.05034879967570305
0.9523809523809523,0.5079365079365079,-0.023766033351421356,-0.0577264204621315
0.9523809523809523,0.5238095238095237,-0.023488091304898262,-0.055306579917669296
0.9523809523809523,0.5396825396825397,-0.02495398372411728,-0.04541142284870148
0.9523809523809523,0.5555555555555556,-0.024448690935969353,-0.03309283033013344
0.9523809523809523,0.5714285714285714,-0.03313815966248512,-0.010867868550121784
0.9523809523809523,0.5873015873015872,-0.028236135840415955,-0.0008000723901204765
0.9523809523809523,0.6031746031746031,-0.019669396802783012,-0.018033528700470924
0.9523809523809523,0.6190476190476191,-0.03852544352412224,-0.003977760206907988
0.9523809523809523,0.6349206349206349,-0.02917049638926983,-0.023822980001568794
0.9523809523809523,0.6507936507936507,-0.029299341142177582,-0.03269997239112854
0.9523809523809523,0.6666666666666666,-0.028912870213389397,-0.036443956196308136
0.9523809523809523,0.6825396825396826,-0.027941420674324036,-0.03528615087270737
0.9523809523809523,0.6984126984126984,-0.03427192568778992,-0.03255219757556915
0.9523809523809523,0.7142857142857142,-0.028605373576283455,-0.03887203335762024
0.9523809523809523,0.7301587301587301,-0.02835737355053425,-0.01806727796792984
0.9523809523809523,0.746031746031746,-0.027115236967802048,0.0035305663477629423
0.9523809523809523,0.7619047619047619,-0.02491142973303795,0.030005386099219322
0.9523809523809523,0.7777777777777777,-0.03073173202574253,0.04641463980078697
0.9523809523809523,0.7936507936507936,-0.024543851613998413,0.03284706175327301
0.9523809523809523,0.8095238095238095,-0.015757888555526733,0.021256959065794945
0.9523809523809523,0.8253968253968254,-0.006752794608473778,0.0048831976018846035
0.9523809523809523,0.8412698412698412,0.0012357851956039667,-0.019391819834709167
0.9523809523809523,0.8571428571428571,0.004252377897500992,-0.039509665220975876
0.9523809523809523,0.873015873015873,0.010835097171366215,-0.03691111132502556
0.9523809523809523,0.8888888888888888,0.013677064329385757,-0.008483197540044785
0.9523809523809523,0.9047619047619047,0.010150449350476265,0.02616087906062603
0.9523809523809523,0.9206349206349206,0.0009178636246360838,0.05883288383483887
0.9523809523809523,0.9365079365079365,-0.0048440019600093365,0.08317682147026062
0.9523809523809523,0.9523809523809523,-0.0009743142290972173,0.08768417686223984
0.9523809523809523,0.9682539682539681,0.005742994602769613,0.07334791123867035
0.9523809523809523,0.9841269841269841,0.0123696718364954,0.06130693107843399
0.9523809523809523,1.0,0.01582152210175991,0.05329449474811554
0.9682539682539681,0.0,-0.008245124481618404,-0.07123295962810516
0.9682539682539681,0.015873015873015872,-0.01681572198867798,-0.0669575035572052
0.9682539682539681,0.031746031746031744,-0.02153383195400238,-0.059666797518730164
0.9682539682539681,0.047619047619047616,-0.01953594945371151,-0.046889785677194595
0.9682539682539681,0.06349206349206349,-0.020917830988764763,-0.026643406599760056
0.9682539682539681,0.07936507936507936,-0.009217353537678719,-0.026664959266781807
0.9682539682539681,0.09523809523809523,-0.008765733800828457,-0.022061875090003014
0.9682539682539681,0.1111111111111111,-0.017223795875906944,-0.0048363227397203445
0.9682539682539681,0.12698412698412698,-0.009414763189852238,-0.005875932052731514
0.9682539682539681,0.14285714285714285,-0.011239947751164436,-0.0020986113231629133
0.9682539682539681,0.15873015873015872,-0.02274005487561226,-0.014643288217484951
0.9682539682539681,0.1746031746031746,-0.034399691969156265,-0.0343950018286705
0.9682539682539681,0.19047619047619047,-0.03859618306159973,-0.042401302605867386
0.9682539682539681,0.20634920634920634,-0.03312142565846443,-0.0534566305577755
0.9682539682539681,0.2222222222222222,-0.02401873841881752,-0.06995497643947601
0.9682539682539681,0.23809523809523808,-0.017307640984654427,-0.0386393703520298
0.9682539682539681,0.25396825396825395,-0.013452641665935516,0.00015795994841028005
0.9682539682539681,0.2698412698412698,-0.002242622198536992,-0.012901199981570244
0.9682539682539681,0.2857142857142857,-0.002803455339744687,-0.03568528592586517
0.9682539682539681,0.30158730158730157,-0.0016050171107053757,-0.04190868139266968
0.9682539682539681,0.31746031746031744,-0.005583448801189661,-0.07799427211284637
0.9682539682539681,0.3333333333333333,-0.004506966099143028,-0.10779885947704315
0.9682539682539681,0.3492063492063492,-0.002245850395411253,-0.1156730204820633
0.9682539682539681,0.36507936507936506,-0.0058174096047878265,-0.10163199156522751
0.9682539682539681,0.38095238095238093,-0.012879207730293274,-0.07608494907617569
0.9682539682539681,0.3968253968253968,-0.02033202536404133,-0.029351452365517616
0.9682539682539681,0.4126984126984127,-0.023863546550273895,-0.0068523092195391655
0.9682539682539681,0.42857142857142855,-0.01953156664967537,-0.004549804143607616
0.9682539682539681,0.4444444444444444,-0.006883412599563599,-0.008336203172802925
0.9682539682539681,0.4603174603174603,-0.018536454066634178,-0.020571326836943626
0.9682539682539681,0.47619047619047616,-0.026505202054977417,-0.041844043880701065
0.9682539682539681,0.49206349206349204,-0.029293015599250793,-0.06045594811439514
0.9682539682539681,0.5079365079365079,-0.03088379092514515,-0.06545185297727585
0.9682539682539681,0.5238095238095237,-0.03038851171731949,-0.06156336888670921
0.9682539682539681,0.5396825396825397,-0.030125817283988,-0.04703199490904808
0.9682539682539681,0.5555555555555556,-0.01891718991100788,-0.04207215830683708
0.9682539682539681,0.5714285714285714,-0.03370983153581619,-0.02146812342107296
0.9682539682539681,0.5873015873015872,-0.02358955703675747,-0.014740723185241222
0.9682539682539681,0.6031746031746031,-0.018288569524884224,-0.026113925501704216
0.9682539682539681,0.6190476190476191,-0.037349022924900055,-0.019544383510947227
0.9682539682539681,0.6349206349206349,-0.03375154733657837,-0.03587290272116661
0.9682539682539681,0.6507936507936507,-0.03328780457377434,-0.04681326076388359
0.9682539682539681,0.6666666666666666,-0.03300001844763756,-0.05067586898803711
0.9682539682539681,0.6825396825396826,-0.03182816132903099,-0.04433567449450493
0.9682539682539681,0.6984126984126984,-0.03841119259595871,-0.03612709790468216
0.9682539682539681,0.7142857142857142,-0.03688943758606911,-0.04018600657582283
0.9682539682539681,0.7301587301587301,-0.03534112498164177,-0.01823790930211544
0.9682539682539681,0.746031746031746,-0.039339594542980194,0.0034880363382399082
0.9682539682539681,0.7619047619047619,-0.0369616374373436,0.036161620169878006
0.9682539682539681,0.7777777777777777,-0.014322753995656967,0.028529472649097443
0.9682539682539681,0.7936507936507936,-0.0121397003531456,0.02439502440392971
0.9682539682539681,0.8095238095238095,-0.014614380896091461,0.018983149901032448
0.9682539682539681,0.8253968253968254,-0.018129797652363777,0.014430610463023186
0.9682539682539681,0.8412698412698412,-0.01007106900215149,-0.009383088909089565
0.9682539682539681,0.8571428571428571,-0.0020787694957107306,-0.03243105486035347
0.9682539682539681,0.873015873015873,0.005793601740151644,-0.032900579273700714
0.9682539682539681,0.8888888888888888,0.008507701568305492,-0.00239371950738132
0.9682539682539681,0.9047619047619047,0.003416166640818119,0.033443350344896317
0.9682539682539681,0.9206349206349206,-0.0022034570574760437,0.06449832022190094
0.9682539682539681,0.9365079365079365,0.0006616207538172603,0.07630565017461777
0.9682539682539681,0.9523809523809523,0.0014714993303641677,0.07762057334184647
0.9682539682539681,0.9682539682539681,0.0016852481057867408,0.07806763797998428
0.9682539682539681,0.9841269841269841,0.009298563934862614,0.05978112667798996
0.9682539682539681,1.0,0.01284752506762743,0.05252751335501671
0.9841269841269841,0.0,-0.022339824587106705,-0.0641905665397644
0.9841269841269841,0.015873015873015872,-0.026903364807367325,-0.05603126436471939
0.9841269841269841,0.031746031746031744,-0.034045979380607605,-0.050017982721328735
0.9841269841269841,0.047619047619047616,-0.02644629403948784,-0.03969157859683037
0.9841269841269841,0.06349206349206349,-0.02029476873576641,-0.03323124721646309
0.9841269841269841,0.07936507936507936,-0.008700489066541195,-0.04747353121638298
0.9841269841269841,0.09523809523809523,-0.010653202421963215,-0.02940521202981472
0.9841269841269841,0.1111111111111111,-0.007961677387356758,0.001455239369533956
0.9841269841269841,0.12698412698412698,-0.009687168523669243,-0.018453724682331085
0.9841269841269841,0.14285714285714285,-0.017323223873972893,-0.00999391172081232
0.9841269841269841,0.15873015873015872,-0.03168785199522972,-0.02042795531451702
0.9841269841269841,0.1746031746031746,-0.044441450387239456,-0.039464227855205536
0.9841269841269841,0.19047619047619047,-0.04857375845313072,-0.039298269897699356
0.9841269841269841,0.20634920634920634,-0.04051380977034569,-0.0483320876955986
0.9841269841269841,0.2222222222222222,-0.03180576115846634,-0.07410870492458344
0.9841269841269841,0.23809523809523808,-0.022363340482115746,-0.029169946908950806
0.9841269841269841,0.25396825396825395,-0.011541025713086128,0.015931442379951477
0.9841269841269841,0.2698412698412698,0.012290538288652897,-0.0050209080800414085
0.9841269841269841,0.2857142857142857,0.004799494985491037,-0.041453681886196136
0.9841269841269841,0.30158730158730157,-0.004500864073634148,-0.04724318906664848
0.9841269841269841,0.31746031746031744,-0.012256813235580921,-0.08461259305477142
0.9841269841269841,0.3333333333333333,-0.011786594055593014,-0.10908292979001999
0.9841269841269841,0.3492063492063492,-0.009479436092078686,-0.11585264652967453
0.9841269841269841,0.36507936507936506,-0.008724556304514408,-0.10643021017313004
0.9841269841269841,0.38095238095238093,-0.010297746397554874,-0.08463744819164276
0.9841269841269841,0.3968253968253968,-0.008720961399376392,-0.04589572176337242
0.9841269841269841,0.4126984126984127,-0.015478415414690971,-0.014800116419792175
0.9841269841269841,0.42857142857142855,-0.01628304272890091,-0.014307830482721329
0.9841269841269841,0.4444444444444444,-0.005203597247600555,-0.021431414410471916
0.9841269841269841,0.4603174603174603,-0.018957115709781647,-0.029382281005382538
0.9841269841269841,0.47619047619047616,-0.031240787357091904,-0.048655129969120026
0.9841269841269841,0.49206349206349204,-0.03445205092430115,-0.06947574019432068
0.9841269841269841,0.5079365079365079,-0.03737204521894455,-0.07217580825090408
0.9841269841269841,0.5238095238095237,-0.03614649549126625,-0.06266046315431595
0.9841269841269841,0.5396825396825397,-0.03502495586872101,-0.042777273803949356
0.9841269841269841,0.5555555555555556,-0.022212252020835876,-0.03238489478826523
0.9841269841269841,0.5714285714285714,-0.024483688175678253,-0.026686454191803932
0.9841269841269841,0.5873015873015872,-0.025528954342007637,-0.018052542582154274
0.9841269841269841,0.6031746031746031,-0.02610609494149685,-0.02046656422317028
0.9841269841269841,0.6190476190476191,-0.04159098491072655,-0.029089758172631264
0.9841269841269841,0.6349206349206349,-0.0390813909471035,-0.047952800989151
0.9841269841269841,0.6507936507936507,-0.03941405564546585,-0.05923234671354294
0.9841269841269841,0.6666666666666666,-0.03790751472115517,-0.06075016036629677
0.9841269841269841,0.6825396825396826,-0.035144902765750885,-0.05485241487622261
0.9841269841269841,0.6984126984126984,-0.03846389427781105,-0.04261956363916397
0.9841269841269841,0.7142857142857142,-0.040191080421209335,-0.0398845411837101
0.9841269841269841,0.7301587301587301,-0.03899570554494858,-0.017239956185221672
0.9841269841269841,0.746031746031746,-0.043223828077316284,-0.0025688763707876205
0.9841269841269841,0.7619047619047619,-0.034859441220760345,0.011388735845685005
0.9841269841269841,0.7777777777777777,0.003629590617492795,-0.003244936466217041
0.9841269841269841,0.7936507936507936,-0.001148002571426332,0.00029499552329070866
0.9841269841269841,0.8095238095238095,-0.00691276416182518,0.023689642548561096
0.9841269841269841,0.8253968253968254,-0.009277040138840675,0.019351651892066002
0.9841269841269841,0.8412698412698412,-0.015549246221780777,-0.011677211150527
0.9841269841269841,0.8571428571428571,-0.008488664403557777,-0.033249203115701675
0.9841269841269841,0.873015873015873,6.516597295558313e-06,-0.029685236513614655
0.9841269841269841,0.8888888888888888,0.0025776817928999662,0.002348728245124221
0.9841269841269841,0.9047619047619047,-0.0007497551268897951,0.03556552529335022
0.9841269841269841,0.9206349206349206,-0.002474673558026552,0.06160245090723038
0.9841269841269841,0.9365079365079365,0.003030219580978155,0.0743788629770279
0.9841269841269841,0.9523809523809523,0.0022375849075615406,0.07851145416498184
0.9841269841269841,0.9682539682539681,0.0019844165071845055,0.09660020470619202
0.9841269841269841,0.9841269841269841,0.0032712381798774004,0.0765266865491867
0.9841269841269841,1.0,0.0008508861064910889,0.06045514717698097
1.0,0.0,-0.03975626453757286,-0.05937305837869644
1.0,0.015873015873015872,-0.04414837807416916,-0.0480632483959198
1.0,0.031746031746031744,-0.04291713237762451,-0.04148227721452713
1.0,0.047619047619047616,-0.04166192561388016,-0.027171842753887177
1.0,0.06349206349206349,-0.02750248648226261,-0.02393333986401558
1.0,0.07936507936507936,-0.016851771622896194,-0.0390976183116436
1.0,0.09523809523809523,-0.0020726732909679413,-0.03390717878937721
1.0,0.1111111111111111,0.00763951800763607,-0.007153545506298542
1.0,0.12698412698412698,-0.0023103877902030945,-0.025365328416228294
1.0,0.14285714285714285,-0.0238642618060112,-0.017461717128753662
1.0,0.15873015873015872,-0.04453831538558006,-0.018703453242778778
1.0,0.1746031746031746,-0.053348906338214874,-0.041355524212121964
1.0,0.19047619047619047,-0.05657836049795151,-0.03210406377911568
1.0,0.20634920634920634,-0.05217031389474869,-0.03584519028663635
1.0,0.2222222222222222,-0.039322566241025925,-0.06992965191602707
1.0,0.23809523809523808,-0.018806234002113342,-0.030141880735754967
1.0,0.25396825396825395,-0.015340129844844341,0.009120242670178413
1.0,0.2698412698412698,0.016768688336014748,-0.022694997489452362
1.0,0.2857142857142857,0.015239836648106575,-0.04190240800380707
1.0,0.30158730158730157,-0.0057843513786792755,-0.04561140760779381
1.0,0.31746031746031744,-0.01794392615556717,-0.08209395408630371
1.0,0.3333333333333333,-0.01703522354364395,-0.11239654570817947
1.0,0.3492063492063492,-0.01576222851872444,-0.11576366424560547
1.0,0.36507936507936506,-0.012494843453168869,-0.11137299984693527
1.0,0.38095238095238093,-0.010949891060590744,-0.08760149031877518
1.0,0.3968253968253968,-0.011398175731301308,-0.05246951803565025
1.0,0.4126984126984127,-0.007058985531330109,-0.024656973779201508
1.0,0.42857142857142855,-0.009107548743486404,-0.01720275729894638
1.0,0.4444444444444444,-0.008942190557718277,-0.027901431545615196
1.0,0.4603174603174603,-0.029071547091007233,-0.03568323329091072
1.0,0.47619047619047616,-0.03500556945800781,-0.05741438642144203
1.0,0.49206349206349204,-0.03738247603178024,-0.08044306933879852
1.0,0.5079365079365079,-0.041270527988672256,-0.07399224489927292
1.0,0.5238095238095237,-0.04030737280845642,-0.05805728957056999
1.0,0.5396825396825397,-0.03807944431900978,-0.03768736869096756
1.0,0.5555555555555556,-0.035389602184295654,-0.019801180809736252
1.0,0.5714285714285714,-0.031415440142154694,-0.01849553734064102
1.0,0.5873015873015872,-0.03361387550830841,-0.009779956191778183
1.0,0.6031746031746031,-0.04065941274166107,-0.016655467450618744
1.0,0.6190476190476191,-0.0462467297911644,-0.035297855734825134
1.0,0.6349206349206349,-0.051888689398765564,-0.050775885581970215
1.0,0.6507936507936507,-0.04982168972492218,-0.06568632274866104
1.0,0.6666666666666666,-0.04564013332128525,-0.06646408140659332
1.0,0.6825396825396826,-0.04144693911075592,-0.06285368651151657
1.0,0.6984126984126984,-0.0413808673620224,-0.047820888459682465
1.0,0.7142857142857142,-0.04252900555729866,-0.03703925013542175
1.0,0.7301587301587301,-0.04020262137055397,-0.019983910024166107
1.0,0.746031746031746,-0.038417018949985504,-0.004927949048578739
1.0,0.7619047619047619,-0.019118070602416992,-0.0017992369830608368
1.0,0.7777777777777777,-0.009691337123513222,-0.009839555248618126
1.0,0.7936507936507936,-0.015213745646178722,-0.010892707854509354
1.0,0.8095238095238095,-0.0046042632311582565,0.0069095781072974205
1.0,0.8253968253968254,-0.0003534853458404541,0.009854075498878956
1.0,0.8412698412698412,-0.011057248339056969,-0.009782602079212666
1.0,0.8571428571428571,0.0002578124403953552,-0.02691737189888954
1.0,0.873015873015873,-0.0024484414607286453,-0.023267019540071487
1.0,0.8888888888888888,-0.0010673590004444122,0.007911746390163898
1.0,0.9047619047619047,-0.0006550624966621399,0.036478616297245026
1.0,0.9206349206349206,-0.005056295543909073,0.06280253827571869
1.0,0.9365079365079365,-0.0030244141817092896,0.08039329946041107
1.0,0.9523809523809523,0.0006424002349376678,0.0834149643778801
1.0,0.9682539682539681,-0.0027250349521636963,0.0972072184085846
1.0,0.9841269841269841,-0.005555680021643639,0.09734838455915451
1.0,1.0,-0.012753141112625599,0.06958726048469543
